source_id,chapter_id,transcript_anchor,item_type,attributed_author,work_title,quoted_or_paraphrased_text,claimed_locator,verified_text,edition_or_translation,publisher,year,page_or_section,canonical_url,accessed_at,verification_status,discrepancy,permission_status,reviewer
SRC-001,,,quote,Joseph Ratzinger,Introduction to Christianity,“We cannot overlook the fact that we are now touching a realm in which Christian theology must be more aware of its limits than it has often been in the past; a realm in which any false...,162,,"English trans. J. R. Foster (2004 reissue, ISBN 1586170295)","Ignatius Press, San Francisco (scan catalogued 'Communio Books, San Francisco, CA'); orig. Herder & Herder, New York",2004 (orig. 1969),,https://archive.org/details/introductiontoch0000bene_v8m7 ; https://openlibrary.org/books/OL26818642M/Introduction_to_Christianity,2026-09-16,LOCATOR_MISSING,"Wording confirmed verbatim in OCR of the 2004 edition scan (ISBN 1586170295) via Open Library search-inside: 'false forthrightness', 'wondering attendance', 'the' mysterium itself' all match; DOCX renders 'the' in single quotes where print has double quotes. Claimed page 162 not establishable (Google Books API quota-blocked; scan lending-restricted). See verified_excerpts/SRC-001.md.",PERMISSION_REVIEW (copyrighted book quotation — Ignatius Press; permission needed),pipeline-researcher
SRC-002,,,quote,Joseph Ratzinger,Introduction to Christianity,"“When one looks at the history of the dogma of the Trinity as it is reflected in a present-day manual of theology, it looks like a graveyard of heresies, whose emblems theology still carries around...",172,,"English trans. J. R. Foster (2004 reissue, ISBN 1586170295)","Ignatius Press, San Francisco (scan catalogued 'Communio Books, San Francisco, CA'); orig. Herder & Herder, New York",2004 (orig. 1969),,https://archive.org/details/introductiontoch0000bene_v8m7 ; https://openlibrary.org/books/OL26818642M/Introduction_to_Christianity,2026-09-16,LOCATOR_MISSING,Wording confirmed verbatim in OCR of the 2004 edition scan; 2004-specific reading 'carries around' (1969/1990 printings: 'carries round') matches DOCX. In the 298-page printings the passage is on printed p. 123 (running head 'BELIEF IN THE TRIUNE GOD 123'); claimed p. 172 applies to the 2004 typesetting only and could not be verified. DOCX ellipsis 'matter….On' (print: 'matter. . . .'). See verified_excerpts/SRC-002.md.,PERMISSION_REVIEW (copyrighted book quotation — Ignatius Press; permission needed),pipeline-researcher
SRC-003,,,quote,Joseph Ratzinger,Introduction to Christianity,“We know today that in a physical experiment the observer himself enters into the experiment and only by doing so can arrive at a physical experience. This means that there is no such thing as pure...,175,,"English trans. J. R. Foster (2004 reissue, ISBN 1586170295)","Ignatius Press, San Francisco (scan catalogued 'Communio Books, San Francisco, CA'); orig. Herder & Herder, New York",2004 (orig. 1969),,https://archive.org/details/introductiontoch0000bene_v8m7 ; https://openlibrary.org/books/OL26818642M/Introduction_to_Christianity,2026-09-16,LOCATOR_MISSING,"Wording confirmed in OCR of the 2004 edition scan ('no such thing as pure objectivity', 'a bit of the human subject', 'a mere observer' all match). Blend detected: DOCX 'something of man, of what is characteristically ours' conflates the 1969/1990 reading 'something of man, of our individuality,' with the 2004 reading 'of what is characteristically ours,' — flag for human review. Page 175 unverified. See verified_excerpts/SRC-003.md.",PERMISSION_REVIEW (copyrighted book quotation — Ignatius Press; permission needed),pipeline-researcher
SRC-004,C04,,quote,Pope Benedict XVI,Sermon,“It is really so: the purpose of our lives is to reveal God to men. And only where God is seen does life truly begin. Only when we meet the living God in Christ do we know what life is. We are not...,"April 24, 2005","It is really so: the purpose of our lives is to reveal God to men. And only where God is seen does life truly begin. Only when we meet the living God in Christ do we know what life is. We are not some casual and meaningless product of evolution. Each of us is the result of a thought of God. Each of us is willed, each of us is loved, each of us is necessary. There is nothing more beautiful than to be surprised by the Gospel, by the encounter with Christ. There is nothing more beautiful than to know Him and to speak to others of our friendship with Him.",Official Vatican English translation,Libreria Editrice Vaticana (vatican.va),2005,"Homily, Mass for the inauguration of the Pontificate, St. Peter's Square, 24 April 2005",https://www.vatican.va/content/benedict-xvi/en/homilies/2005/documents/hf_ben-xvi_hom_20050424_inizio-pontificato.html,2026-09-16,VERIFIED_EXACT,Owner 2026-09-16: full quote restored in Ch. 4 from the DOCX (matches vatican.va verbatim); 31.4s audio gap noted.,NOTE — © Libreria Editrice Vaticana; short excerpt with attribution,pipeline-researcher
SRC-005,C06,,canon,,Code of Canon Law,"Since lay people, like all Christ’s faithful, are deputed to the apostolate by baptism and confirmation, they are bound by the general obligation and they have the right, whether s individuals or in...",Can. 225.1,"Can. 225 §1. Since, like all the Christian faithful, lay persons are designated by God for the apostolate through baptism and confirmation, they are bound by the general obligation and possess the right as individuals, or joined in associations, to work so that the divine message of salvation is made known and accepted by all persons everywhere in the world. This obligation is even more compelling in those circumstances in which only through them can people hear the gospel and know Christ.","Code of Canon Law (1983), official English translation (vatican.va)",Libreria Editrice Vaticana,1983,"Book II, Title II, Can. 225 §1",https://www.vatican.va/archive/cod-iuris-canonici/eng/documents/cic_lib2-cann208-329_en.html,2026-09-16,VERIFIED_MINOR_VARIANT,"DOCX wording ('deputed to the apostolate', 'all the more insistent') matches the CLSA (Canon Law Society of America) translation, not the official vatican.va English ('designated by God', 'even more compelling'); same doctrine. DOCX also has transcription error 'whether s individuals' (missing 'a' in 'as'). See verified_excerpts/SRC-005.md. Owner 2026-09-16: Vatican English translation chosen for the book.",NOTE — canon text public; CLSA translation © Canon Law Society of America if used,pipeline-researcher
SRC-006,C06,,canon,,Code of Canon Law,"Since the whole Church is by its nature missionary and the work of evangelization must be held as a fundamental duty of the people of God, all the Christian faithful, conscious of their responsibility, are to assume their part in missionary work.",Can. 781,"Can. 781 Since the whole Church is by its nature missionary and the work of evangelization must be held as a fundamental duty of the people of God, all the Christian faithful, conscious of their responsibility, are to assume their part in missionary work.","Code of Canon Law (1983), official English translation (vatican.va)",Libreria Editrice Vaticana,1983,"Book III, Title II, Can. 781",https://www.vatican.va/archive/cod-iuris-canonici/eng/documents/cic_lib3-cann781-792_en.html,2026-09-16,VERIFIED_EXACT,,NOTE — canon text public,pipeline-researcher
SRC-007,C02,,catechism,,Catechism of the Catholic Church,"The mystery of the Most Holy Trinity is the central mystery of Christian faith and life. It is the mystery of God in himself. It is therefore the source of all the other mysteries of faith, the light...",234,"234 The mystery of the Most Holy Trinity is the central mystery of Christian faith and life. It is the mystery of God in himself. It is therefore the source of all the other mysteries of faith, the light that enlightens them. It is the most fundamental and essential teaching in the ""hierarchy of the truths of faith.""56 The whole history of salvation is identical with the history of the way and the means by which the one true God, Father, Son and Holy Spirit, reveals himself to men ""and reconciles and unites with himself those who turn away from sin.""57 (fn. 56 GCD 43; fn. 57 GCD 47)","Catechism of the Catholic Church, official English translation (vatican.va, ENG0015)",Libreria Editrice Vaticana,1993 (Latin editio typica 1997),"Part One, Section Two, Ch. 1, ¶234",https://www.vatican.va/archive/ENG0015/__P17.HTM,2026-09-16,VERIFIED_EXACT,"Matches vatican.va text; DOCX renders footnotes 56/57 inline as '(GCD 43)' and '(GCD 47)' (correct) and writes 'Father, Son, and Holy Spirit' with Oxford comma (official page: 'Father, Son and Holy Spirit').",NOTE — CCC English © Libreria Editrice Vaticana/USCCB; attribution required,pipeline-researcher
SRC-008,C04,,catechism,,Catechism of the Catholic Church,"There is no limit or measure to this essentially divine forgiveness, whether one speaks of “sins” as in Luke (11:4), or “debts” as in Matthew (6:12). We are always debtors: “Owe no one anything,...",2845,"2845 There is no limit or measure to this essentially divine forgiveness, whether one speaks of ""sins"" as in Luke (11:4), ""debts"" as in Matthew (6:12). We are always debtors: ""Owe no one anything, except to love one another.""147 The communion of the Holy Trinity is the source and criterion of truth in every relationship. It is lived out in prayer, above all in the Eucharist.148 God does not accept the sacrifice of a sower of disunion, but commands that he depart from the altar so that he may first be reconciled with his brother. For God can be appeased only by prayers that make peace. To God, the better offering is peace, brotherly concord, and a people made one in the unity of the Father, Son, and Holy Spirit.149 (fn. 149: St. Cyprian, De Dom. orat. 23: PL 4, 535-536; cf. Mt 5:24)","Catechism of the Catholic Church, official English translation (vatican.va, ENG0015)",Libreria Editrice Vaticana,1993 (Latin editio typica 1997),"Part Four, Section Two, Article 3, ¶2845",https://www.vatican.va/archive/ENG0015/__PAB.HTM,2026-09-16,VERIFIED_MINOR_VARIANT,"St. Cyprian passage and citation match exactly (DOCX prints en-dash '535–536'). DOCX variants: inserts 'or' before '""debts""' (not in official text); renders fn. 147 inline with odd spacing '.( Rom 13:8.)'.",NOTE — CCC English © Libreria Editrice Vaticana/USCCB; attribution required,pipeline-researcher
SRC-009,,,catechism_section,,Catechism of the Catholic Church,"“I Believe In God The Father Almighty, Creator Of Heaven And Earth”",199-267,"Spot checks verified against vatican.va (pages __P16/__P17): ¶199 opening matches; ¶234 exact (see SRC-007); ¶260 embedded prayer of Elizabeth of the Trinity exact, footnote 102 'Prayer of Blessed Elizabeth of the Trinity.'; ¶266 Athanasian Creed quote exact: ""Now this is the Catholic faith: We worship one God in the Trinity and the Trinity in unity, without either confusing the persons or dividing the substance; for the person of the Father is one, the Son's is another, the Holy Spirit's another; but the Godhead of the Father, Son and Holy Spirit is one, their glory equal, their majesty coeternal"" (Athanasian Creed: DS 75; ND 16).","Catechism of the Catholic Church, official English translation (vatican.va, ENG0015)",Libreria Editrice Vaticana,1993 (Latin editio typica 1997),"Part One, Section Two, Ch. 1, ¶¶199-267",https://www.vatican.va/archive/ENG0015/__P16.HTM ; https://www.vatican.va/archive/ENG0015/__P17.HTM,2026-09-16,PERMISSION_REVIEW,"70-paragraph range: translation identity = official CCC English; representative spot checks ¶199, ¶234, ¶260, ¶266 all exact (DOCX adds Oxford commas in 'Father, Son, and Holy Spirit' at ¶234/¶266). Length requires publisher permission review; doctrinal review by a qualified theologian recommended. Owner 2026-09-16: the ¶¶199-267 excerpt will NOT be printed; permissions handled later.",PERMISSION_REVIEW — long excerpt; CCC English © Libreria Editrice Vaticana/USCCB,pipeline-researcher
SRC-010,C02,,quote,St. John Henry Newman,The Individuality of the Soul,"Nothing is more difficult than to realize that every man has a distinct soul, that every one of all the millions who live or have lived, is as whole and independent a being in himself, as if there...",,"Nothing is more difficult than to realize that every man has a distinct soul, that every one of all the millions who live or have lived, is as whole and independent a being in himself, as if there were no one else in the whole world but he. … He has a depth within him unfathomable, an infinite abyss of existence; and the scene in which he bears part for the moment is but like a gleam of sunshine upon its surface.","Parochial and Plain Sermons, Vol. IV, New Impression (Longmans, Green, and Co., 1909), Sermon VI 'The Individuality of the Soul', pp. 80-93; text via newmanreader.org (National Institute for Newman Studies)","Longmans, Green, and Co.",1909 impression (sermons first published 1839),"Vol. IV, Sermon VI, pp. 80-83 (quoted passages)",https://www.newmanreader.org/works/parochial/volume4/sermon6.html,2026-09-16,VERIFIED_EXACT,"All three DOCX excerpts match verbatim; the 'infinite abyss of existence' sentence spans printed pp. 82-83 (page break inside). DOCX heading 'An Infinite Abyss of Existence' is the DOCX's own descriptive title, not Newman's.",PUBLIC_DOMAIN (Newman d. 1890),pipeline-researcher
SRC-011,C02,,prayer,St. Elizabeth of the Trinity,"O My God, Trinity Whom I Adore","O my God, Trinity whom I adore, help me to forget myself entirely that I may be established in you as still and as peaceful as if my soul were already in eternity. May nothing trouble my peace or...",,"O my God, Trinity whom I adore, help me forget myself entirely so to establish myself in you, unmovable and peaceful as if my soul were already in eternity. May nothing be able to trouble my peace or make me leave you, O my unchanging God, but may each minute bring me more deeply into your mystery! Grant my soul peace. Make it your heaven, your beloved dwelling and the place of your rest. May I never abandon you there, but may I be there, whole and entire, completely vigilant in my faith, entirely adoring, and wholly given over to your creative action. (CCC ¶260, fn. 102: 'Prayer of Blessed Elizabeth of the Trinity.')","CCC ¶260 official English (the DOCX's second, embedded version); standalone DOCX version = translation unidentified","Libreria Editrice Vaticana (CCC ¶260); cf. I Have Found God: Complete Works vol. 1, trans. Aletheia Kane (ICS Publications)",1993 (CCC); prayer written 21 Nov. 1904,"CCC ¶260 (verified); prayer untitled in MSS ('Elevation to the Most Holy Trinity', 21 Nov. 1904)",https://www.vatican.va/archive/ENG0015/__P17.HTM,2026-09-16,VERIFIED_MINOR_VARIANT,"Two renderings in the DOCX. The ¶¶199-267 version matches CCC ¶260 exactly (verified). The standalone version in this row ('as still and as peaceful', 'O my Unchanging One', 'wholly surrendered to Your creative Action') matches no located published translation (checked: CCC/Kane, Dijon Carmel official site, O.Carm, Stanbrook 1914 — all differ). Authorship (St. Elizabeth of the Trinity) certain; translation unidentified. See verified_excerpts/SRC-011.md. Owner 2026-09-16: print CCC ¶260 official text (closest published translation); heard rendering differs slightly. Ch. 2 and Ch. 4 opening prayers now print CCC ¶260.",REVIEW — translation unidentified; Kane tr. © ICS Publications if used,pipeline-researcher
SRC-012,C01,,hymn,St. Patrick,St Patrick’s Breastplate,"I bind unto myself today The strong Name of the Trinity, By invocation of the same, The Three in One and One in Three. I bind this day to me for ever. By power of faith, Christ’s incarnation; His...",,"I bind unto myself today / The strong Name of the Trinity, / By invocation of the same, / The Three in One and One in Three. / I bind this day to me for ever, / By power of faith, Christ's Incarnation; / His baptism in the Jordan river; / His death on Cross for my salvation; / His bursting from the spicèd tomb; / His riding up the heavenly way; / His coming at the day of doom; / I bind unto myself today.","Cecil Frances Alexander's translation (1889), first published in the appendix to the Church of Ireland Church Hymnal (1890); text per The New English Hymnal #159 / hymnary.org",Church of Ireland Church Hymnal appendix (1890),1889,"Hymn, stanzas 1-2 (of 9)",https://hymnary.org/text/i_bind_unto_myself_today,2026-09-16,VERIFIED_MINOR_VARIANT,"Text = Alexander's translation (verified). The DOCX asterisk line 'His coming at the day of doom;*' matches the web rendering at prayerfoundation.org (Wayback 2015), whose footnote glosses 'day of doom' as Old English for 'Day of Judgment'; no printed hymnal carries the asterisk — web-only glossing artifact. Hymnal variants: EH1982 #370 'spiced' (no accent) and 'for ever,' (comma); NEH #159 'spicèd' and 'for ever,'. DOCX has 'for ever.' (period) and lowercase 'Christ's incarnation'. Owner 2026-09-16: asterisk dropped.",PUBLIC_DOMAIN (translator d. 1895),pipeline-researcher
SRC-013,C01,,artwork,Andrei Rublev,Trinity,"Andrei Rublev, Trinity",,,,"State Tretyakov Gallery, Moscow (inv. no. 13012)",c. 1411 or 1425-1427 (disputed; Britannica 'about 1410'),"Tempera (levkas and tempera on wood), 142 × 114 cm",https://www.tg-m.ru/catalog/en/picture/22115,2026-09-16,VERIFIED_EXACT,"No quoted text (artwork item). Facts verified: Andrei Rublev (c. 1360-1430), The Holy Trinity (Old Testament Trinity), tempera on wood, 142 × 114 cm, Tretyakov Gallery, Moscow (inv. 13012). Dating disputed (1411 vs 1425-1427). Note: in 2023 the icon was transferred to Russian Orthodox Church custody (Cathedral of Christ the Saviour) — update any location statement. See verified_excerpts/SRC-013.md. Owner 2026-09-16: most accurate dating chosen; see SRC-013-dating.md (c. 1411 or 1425-1427; ROC custody). [SRC-013-dating.md pending — integrate when written.] Owner 2026-09-16: 'most accurate' research integrated — installed in Trinity Cathedral iconostasis 23 June 2024 (RIA); 12-14 Sept 2026 display-case failure, removed for restoration (Meduza); see SRC-013-dating.md.",RIGHTS_REVIEW — image reproduction rights required,pipeline-researcher
SRC-014,,,scripture,,Psalms,"As a deer longs for flowing streams, so longs my soul for you, O God. 2 My soul thirsts for God, for the living God. When shall I come and behold the face of God? 3 My tears have been my food day and...",Psalm 42,"As a hart longs for flowing streams, so longs my soul for thee, O God. 2 My soul thirsts for God, for the living God. When shall I come and behold the face of God? 3 My tears have been my food day and night, while men say to me continually, ""Where is your God?"" 4 These things I remember, as I pour out my soul: how I went with the throng, and led them in procession to the house of God, with glad shouts and songs of thanksgiving, a multitude keeping festival. 5 Why are you cast down, O my soul, and why are you disquieted within me? Hope in God; for I shall again praise him, my help 6 and my God. My soul is cast down within me, therefore I remember thee from the land of Jordan and of Hermon, from Mount Mizar. 7 Deep calls to deep at the thunder of thy cataracts; all thy waves and thy billows have gone over me. 8 By day the Lord commands his steadfast love; and at night his song is with me, a prayer to the God of my life. 9 I say to God, my rock: ""Why hast thou forgotten me? Why go I mourning because of the oppression of the enemy?"" 10 As with a deadly wound in my body, my adversaries taunt me, while they say to me continually, ""Where is your God?"" 11 Why are you cast down, O my soul, and why are you disquieted within me? Hope in God; for I shall again praise him, my help and my God.","Revised Standard Version (RSV) / RSV Catholic Edition — identical text for this psalm; RSV © 1946, 1952, 1971; RSVCE © 1965, 1966 — Division of Christian Education, NCC (USA)",National Council of the Churches of Christ in the USA,1952 (2nd ed. 1971); Catholic Edition 1966,Psalm 42 (Hebrew numbering; = Ps 41 Vulgate),https://www.biblegateway.com/passage/?search=Psalm+42&version=RSVCE ; https://www.biblegateway.com/passage/?search=Psalm+42&version=RSV,2026-09-16,VERIFIED_MINOR_VARIANT,"DOCX is RSV(-CE) with consistent modernization: v1 'a deer' (RSV 'a hart'), 'for you' ('for thee'); v5 'my savior' ('my help' — NABRE-like substitution); v6-7 you/your ('thee/thy'); v9 'Why have you forgotten me? Why do I go mourning' ('Why hast thou forgotten me? Why go I mourning'); v3/v10 period for '?'. Exact edition needs author confirmation.",NOTE — RSV(-CE) © NCC; short excerpt requires attribution,pipeline-researcher
SRC-015,,,scripture,,Genesis,"And the Lord appeared to him by the Oaks of Mamre, as he sat at the door of his tent in the heat of the day. 2 He lifted up his eyes and looked, and behold, three men stood in front of him. When he...",Genesis 18:1-8,"And the Lord appeared to him by the oaks of Mamre, as he sat at the door of his tent in the heat of the day. 2 He lifted up his eyes and looked, and behold, three men stood in front of him. When he saw them, he ran from the tent door to meet them, and bowed himself to the earth, 3 and said, ""My lord, if I have found favor in your sight, do not pass by your servant. 4 Let a little water be brought, and wash your feet, and rest yourselves under the tree, 5 while I fetch a morsel of bread, that you may refresh yourselves, and after that you may pass on—since you have come to your servant."" So they said, ""Do as you have said."" 6 And Abraham hastened into the tent to Sarah, and said, ""Make ready quickly three measures of fine meal, knead it, and make cakes."" 7 And Abraham ran to the herd, and took a calf, tender and good, and gave it to the servant, who hastened to prepare it. 8 Then he took curds, and milk, and the calf which he had prepared, and set it before them; and he stood by them under the tree while they ate.","Revised Standard Version (RSV) © 1946, 1952, 1971 Division of Christian Education, National Council of the Churches of Christ in the USA",National Council of the Churches of Christ in the USA,1952 (2nd ed. 1971),Genesis 18:1-8,https://www.biblegateway.com/passage/?search=Genesis+18%3A1-8&version=RSV,2026-09-16,VERIFIED_MINOR_VARIANT,"Matches RSV verbatim except capitalization: DOCX 'the Oaks of Mamre' (RSV 'the oaks of Mamre'). 'Curds, and milk' (v8) confirms RSV identity.",NOTE — RSV © NCC; short excerpt requires attribution,pipeline-researcher
SRC-016,,,scripture,,Mark,"9 In those days Jesus came from Nazareth of Galilee and was baptized by John in the Jordan. 10 And when he came up out of the water, immediately he saw the heavens opened and the Spirit descending...",Mark 1:9-13,"In those days Jesus came from Nazareth of Galilee and was baptized by John in the Jordan. 10 And when he came up out of the water, immediately he saw the heavens opened and the Spirit descending upon him like a dove; 11 and a voice came from heaven, ""Thou art my beloved Son; with thee I am well pleased."" 12 The Spirit immediately drove him out into the wilderness. 13 And he was in the wilderness forty days, tempted by Satan; and he was with the wild beasts; and the angels ministered to him.","Revised Standard Version (RSV) © 1946, 1952, 1971 Division of Christian Education, National Council of the Churches of Christ in the USA",National Council of the Churches of Christ in the USA,1952 (2nd ed. 1971),Mark 1:9-13,https://www.biblegateway.com/passage/?search=Mark+1%3A9-13&version=RSV,2026-09-16,VERIFIED_MINOR_VARIANT,Matches RSV verbatim except v11: DOCX 'You are my beloved Son; with you I am well pleased.' (RSV: 'Thou art… with thee…').,NOTE — RSV © NCC; short excerpt requires attribution,pipeline-researcher
SRC-017,,,scripture,,Matthew,"And after six days Jesus took with him Peter and James and John his brother, and led them up a high mountain apart. 2 And he was transfigured before them, and his face shone like the sun, and his...",Matthew 17:1-8,"And after six days Jesus took with him Peter and James and John his brother, and led them up a high mountain apart. 2 And he was transfigured before them, and his face shone like the sun, and his garments became white as light. 3 And behold, there appeared to them Moses and Elijah, talking with him. 4 And Peter said to Jesus, ""Lord, it is well that we are here; if you wish, I will make three booths here, one for you and one for Moses and one for Elijah."" 5 He was still speaking, when lo, a bright cloud overshadowed them, and a voice from the cloud said, ""This is my beloved Son, with whom I am well pleased; listen to him."" 6 When the disciples heard this, they fell on their faces, and were filled with awe. 7 But Jesus came and touched them, saying, ""Rise, and have no fear."" 8 And when they lifted up their eyes, they saw no one but Jesus only.","Revised Standard Version (RSV) © 1946, 1952, 1971 Division of Christian Education, National Council of the Churches of Christ in the USA",National Council of the Churches of Christ in the USA,1952 (2nd ed. 1971),Matthew 17:1-8,https://www.biblegateway.com/passage/?search=Matthew+17%3A1-8&version=RSV,2026-09-16,VERIFIED_MINOR_VARIANT,Matches RSV verbatim except v5: DOCX 'when behold' (RSV 'when lo'). RSV prints 'Eli′jah' (prime); DOCX 'Elijah'.,NOTE — RSV © NCC; short excerpt requires attribution,pipeline-researcher
SRC-018,,,scripture,,John,"“Let not your hearts be troubled; believe in God, believe also in me. 2 In my Father’s house are many rooms; if it were not so, would I have told you that I go to prepare a place for you? 3 And when...",John 14:1-15:12,"Full range (John 14:1-15:12) compared against RSV verse by verse — verbatim throughout except: 14:16 DOCX 'And I will ask the Father' (RSV/RSVCE: 'And I will pray the Father'); 14:31 DOCX 'Rise, let us go from here.' (RSV: 'Rise, let us go hence.'). Spot checks (RSV): 14:2-3 ""In my Father's house are many rooms; if it were not so, would I have told you that I go to prepare a place for you? 3 And when I go and prepare a place for you, I will come again and will take you to myself, that where I am you may be also.""; 14:16-17 ""And I will pray the Father, and he will give you another Counselor, to be with you for ever, 17 even the Spirit of truth, whom the world cannot receive, because it neither sees him nor knows him; you know him, for he dwells with you, and will be in you.""; 15:12-13 ""This is my commandment, that you love one another as I have loved you. 13 Greater love has no man than this, that a man lay down his life for his friends.""","Revised Standard Version (RSV) © 1946, 1952, 1971 Division of Christian Education, NCC (USA); RSV Catholic Edition (© 1965, 1966 NCC) identical for verses checked",National Council of the Churches of Christ in the USA,1952 (2nd ed. 1971),John 14:1-15:12,https://www.biblegateway.com/passage/?search=John+14%3A1-15%3A12&version=RSV ; https://www.biblegateway.com/passage/?search=John+14%3A16-31&version=RSVCE,2026-09-16,VERIFIED_MINOR_VARIANT,"RSV family confirmed ('rooms', 'Counselor', 'vinedresser', 'he prunes'). Two deviations ('ask' v16, 'from here' v31) match neither RSV nor RSVCE(1966); may reflect RSV-2CE (Ignatius, 2006) or authorial modernization — exact edition needs human confirmation.",PERMISSION_REVIEW — 45-verse excerpt; RSV © NCC,pipeline-researcher
SRC-019,,,scripture,,Matthew,"Now the eleven disciples went to Galilee, to the mountain to which Jesus had directed them. 17 And when they saw him they worshiped him; but some doubted. 18 And Jesus came and said to them, “All...",Matthew 28: 16-20,"Now the eleven disciples went to Galilee, to the mountain to which Jesus had directed them. 17 And when they saw him they worshiped him; but some doubted. 18 And Jesus came and said to them, ""All authority in heaven and on earth has been given to me. 19 Go therefore and make disciples of all nations, baptizing them in the name of the Father and of the Son and of the Holy Spirit, 20 teaching them to observe all that I have commanded you; and lo, I am with you always, to the close of the age.""","Revised Standard Version (RSV) © 1946, 1952, 1971 Division of Christian Education, National Council of the Churches of Christ in the USA",National Council of the Churches of Christ in the USA,1952 (2nd ed. 1971),Matthew 28:16-20,https://www.biblegateway.com/passage/?search=Matthew+28%3A16-20&version=RSV,2026-09-16,VERIFIED_MINOR_VARIANT,Matches RSV verbatim except v20: DOCX 'and behold' (RSV 'and lo').,NOTE — RSV © NCC; short excerpt requires attribution,pipeline-researcher
SRC-020,C02,00:04:04-00:04:11,quote,Jacques Maritain,A Preface to Metaphysics: Seven Lectures on Being,"As Jacques Maritain said — he was a philosopher, a Thomist philosopher in the 20th century — mysteries are pregnant with intelligibility. They are so full of things we can know.",,"And being is a mystery, either because it is too pregnant with intelligibility, too pure for our intellect which is the case with spiritual things, or because its nature presents a more or less impenetrable ... (sentence end not captured in OCR fragments)",English trans. of Sept leçons sur l'être (1934),"Sheed & Ward, London",1939,printed p. ~172 (scan-index; exact printed page and which of the Seven Lectures to confirm against a physical copy),https://archive.org/details/prefacetometaphy0000mari_a5c6 ; https://openlibrary.org/search/inside.json?q=%22pregnant+with+intelligibility%22,2026-09-16,VERIFIED_MINOR_VARIANT,"Speaker compresses Maritain's sentence ('being is a mystery, either because it is too pregnant with intelligibility...') into 'mysteries are pregnant with intelligibility.' Phrase confirmed verbatim in 1939 edition OCR (two scans). Checked and NOT found in The Degrees of Knowledge (1937 OCR + 1946 French 5th ed. — no 'pregnant', no 'superintelligible'). Page ~172 is a scan-index reading — human check of a print copy recommended.",PERMISSION_REVIEW — copyrighted book (Sheed & Ward 1939); rights check if quoted at length,pipeline-researcher
SRC-021,C02,C02 00:04:51-00:05:02 ; E01 00:18:34-00:19:17,quote,Gabriel Marcel,Being and Having,"He said that mysteries — what distinguishes them from problems — is that mysteries implicate the self. You are involved in the mystery. ... Gabriel Marcel said that many of the problems of the 20th century, with the massive amounts of death on scales never before envisioned, it came from treating mysteries as problems. / E01: Gabriel Marcel said that mystery, properly speaking, involves the viewer. We are part of it. ... He distinguished problem from mystery.",,"(p. 171) A mystery is a problem which encroaches upon its own data and invades them, and so is transcended qua problem. (p. 116) But a mystery is something in which I am myself involved, and it can therefore only be thought of as a sphere where the distinction between what is in me and what is before me loses its meaning and its initial validity. (Metaphysical Diary, Feb. 2nd) mystery is a problem that encroaches upon the intrinsic conditions of its own possibility (and not upon its data).","English trans. Katharine Farrer, of Être et avoir (1935)","Dacre Press, Westminster (reissued Harper Torchbooks 1965)",1949,"pp. 116, 170-171 ('On the Ontological Mystery'); diary entry Feb. 2nd",https://archive.org/details/beingandhaving032354mbp,2026-09-16,PARAPHRASE_CONFIRMED,"Speaker paraphrases; no verbatim quotation heard. Distinction also developed in Marcel's Gifford Lectures, The Mystery of Being (1950-51) — not fetched (lending). Pages from OCR page-number tracking of the 1949 scan (title page confirms 'a translation by KATHARINE FARRER of Etre et Avoir ... dacre press Westminster').",PERMISSION_REVIEW — copyrighted book if quoted,pipeline-researcher
SRC-022,C03,"C03 00:08:24-00:08:36 ; E01 00:33:13 (reused, unattributed)",quote,David W. Fagerberg (quoting Aidan Kavanagh),Theologia Prima: What Is Liturgical Theology?,"Liturgy, as one author said, David Fagerberg — he said, 'The liturgy is doing the world the way the world was meant to be done.'",,"As Kavanagh put it, liturgy is 'doing' the world the way the world was meant to be done. ... footnote 24: Aidan Kavanagh, On Liturgical Theology, 117-18.",2nd edition (1st ed. 2003),"Hillenbrand Books / Liturgy Training Publications, Chicago",©2004,"printed page unpinned (OCR occurrences near printed pp. 152 and 174; footnote 24 cites Kavanagh, On Liturgical Theology [New York: Pueblo Press, 1984] 117-18)",https://archive.org/details/theologiaprimawh0000fage,2026-09-16,LOCATOR_MISSING,"Wording verified verbatim in the 2nd-edition OCR, but the exact printed page of the sentence could not be pinned. Attribution chain: Fagerberg himself attributes the formulation to Aidan Kavanagh (NAAL Proceedings: 'Aidan Kavanagh, as quoted by David W. Fagerberg... This exact phrasing is the way Kavanagh said it often in class'). Book citation should either credit Kavanagh via Fagerberg or check a physical copy for the page. Owner 2026-09-16: book credits Aidan Kavanagh (On Liturgical Theology 1984, pp. 117-18), the phrase's originator, as quoted by Fagerberg.",PERMISSION_REVIEW — copyrighted book if quoted,pipeline-researcher
SRC-023,E01,00:37:49-00:38:35,quote,G.K. Chesterton,What's Wrong with the World,"And he says, no, that's not true. Whatever is worth doing is worth doing poorly. Because if it's worth doing, it's worth doing.",,"She was maintaining the prime truth of woman, the universal mother: that if a thing is worth doing, it is worth doing badly.","Dodd, Mead and Co., 1910; text via Project Gutenberg eBook #1717",Project Gutenberg (public domain),1910,"Part IV, ch. XIV, 'Folly and Female Education', closing paragraph",https://www.gutenberg.org/cache/epub/1717/pg1717.txt,2026-09-16,PARAPHRASE_CONFIRMED,"Speaker's 'Whatever is worth doing is worth doing poorly' is his own rendering of Chesterton's 'if a thing is worth doing, it is worth doing badly'; the original wording is confirmed at the close of Part IV ch. XIV. Owner 2026-09-16: print Chesterton's exact wording ('If a thing is worth doing, it is worth doing badly.') followed by the author's correction: 'I would correct Chesterton here. Anything worth doing is worth doing poorly.'",PUBLIC_DOMAIN (Chesterton d. 1936),pipeline-researcher
SRC-024,E01,00:41:37-00:41:44,quote,Pope Benedict XVI,(attribution unverified — checked XX World Youth Day vigil 20 Aug 2005 and Mass homily 21 Aug 2005),"As Pope Benedict says, you are not made for comfort. You are made for greatness.",,"NOT FOUND in the official texts checked. Closest official sentences (21 Aug 2005 Marienfeld homily): 'It may be comfortable, but at times of crisis we are left to ourselves.' ... 'Living and acting thus, we will soon realize that it is much better to be useful and at the disposal of others than to be concerned only with the comforts that are offered to us.'",Official vatican.va English (and German) texts,Libreria Editrice Vaticana,2005,"Vigil with young people, Marienfeld, Cologne, 20 Aug 2005; Mass homily, 21 Aug 2005",https://www.vatican.va/content/benedict-xvi/en/speeches/2005/august/documents/hf_ben-xvi_spe_20050820_vigil-wyd.html ; https://www.vatican.va/content/benedict-xvi/en/homilies/2005/documents/hf_ben-xvi_hom_20050821_20th-world-youth-day.html,2026-09-16,ATTRIBUTION_UNCONFIRMED,"The sentence does not occur in the official English or German texts of either the 20 Aug 2005 vigil or the 21 Aug 2005 Mass (grep for 'comfort'/'greatness' = zero hits in all four documents; also checked 24 Apr 2005 inauguration homily — absent). The wording circulates only as an unsourced attribution (Goodreads; Detroit Catholic 'Benedict XVI once said...'). Author must supply the actual source or the line should be dropped/recast. See unresolved.md Stage 2 item 1. Owner 2026-09-16: it is a paraphrase, often quoted in FOCUS circles; original sought (see SRC-024-origin.md); rendered as paraphrase without quotation marks. [SRC-024-origin.md pending — origin hunt conclusive NOT_FOUND; closest = Spe Salvi §33.] Owner 2026-09-16: closest official statement = Spe Salvi §33; see SRC-024-origin.md.",—,pipeline-researcher
SRC-025,E01,00:29:26-00:29:35,quote,St. Augustine,Confessions X.27.38,"Late have I loved you, Beauty ever ancient, ever new — late have I loved you!",,"Latin: sero te amavi, pulchritudo tam antiqua et tam nova, sero te amavi! et ecce intus eras et ego foris... ICEL Liturgy of the Hours (Evening Prayer antiphon, Memorial of St. Augustine, 28 Aug): Late have I loved you, O Beauty ever ancient, ever new, late have I loved you. You called, you shouted and you shattered my darkness. (Office of Readings: ...late have I loved you! You were within me, but I was outside...) Pusey: Too late did I love You, O Fairness, so ancient, and yet so new! Too late did I love You!","Liturgy of the Hours, English trans. © ICEL 1973-1975; cf. Pusey trans. (New Advent); Latin ed. O'Donnell (thelatinlibrary.com)",ICEL; cf. New Advent,1975 (LOTH); Confessions c. 397-400,"Confessions X.27.38; LOTH, Evening Prayer antiphon + Office of Readings, Memorial of St. Augustine (28 Aug)",https://www.liturgies.net/saints/augustine/readings.htm ; https://www.newadvent.org/fathers/110110.htm ; https://www.thelatinlibrary.com/augustine/conf10.shtml,2026-09-16,VERIFIED_MINOR_VARIANT,"Heard wording matches the ICEL Liturgy of the Hours rendering ('Beauty ever ancient, ever new') minus the 'O'; it differs from Pusey ('O Fairness, so ancient, and yet so new'). Latin verified. If printed as a quotation, either cite the LOTH wording (ICEL © — permission) or a public-domain translation (Pusey). Pusey comparison done: substantial archaic-pronoun differences; current modern rendering kept; owner decision pending (keep w/ ICEL permission vs switch to Pusey). Owner 2026-09-16: Pusey public-domain translation adopted",PUBLIC_DOMAIN,pipeline-researcher
SRC-026,E01,00:29:26-00:29:35,quote,St. Augustine,Confessions I.1.1,"You have made us for yourselves, O Lord, and our hearts are restless till they rest in thee.",,"Latin: fecisti nos ad te et inquietum est cor nostrum donec requiescat in te. Pusey: You have made us for Yourself, and our hearts are restless until they rest in You. ICEL LOTH Morning Prayer antiphon (St. Augustine, 28 Aug): You inspire us, O Lord, to delight in praising you, because you have made us for yourself; our hearts are restless until they rest in you.",Pusey trans. (New Advent); ICEL LOTH antiphon; Latin (thelatinlibrary.com),New Advent; ICEL,Latin c. 397-400; LOTH 1975,"Confessions I.1.1; LOTH Morning Prayer antiphon, Memorial of St. Augustine",https://www.newadvent.org/fathers/110101.htm ; https://www.liturgies.net/saints/augustine/readings.htm ; https://www.thelatinlibrary.com/augustine/conf1.shtml,2026-09-16,VERIFIED_MINOR_VARIANT,Heard wording mixes forms: 'yourselves' (no printed edition uses the plural) with archaic 'till...thee' (closest to the traditional/LOTH register). No single edition matches exactly; Latin and both principal English renderings verified. Pusey comparison done: substantial archaic-pronoun differences; current modern rendering kept; owner decision pending (keep w/ ICEL permission vs switch to Pusey). Owner 2026-09-16: Pusey public-domain translation adopted,PUBLIC_DOMAIN,pipeline-researcher
SRC-027,C01,00:19:13-00:19:20,quote,St. Thérèse of Lisieux,Story of a Soul (Manuscript C) / Catechism of the Catholic Church ¶2558,"This is that simple glance directed towards heaven that St. Teresa [possibly: Thérèse] talks about when she says, 'What is prayer but a simple glance directed towards heaven?'",,"CCC ¶2558 (official English): For me, prayer is a surge of the heart; it is a simple look turned toward heaven, it is a cry of recognition and of love, embracing both trial and joy. (fn. 1: St. Thérèse of Lisieux, Manuscrits autobiographiques, C 25r.) Taylor 1912 trans.: With me prayer is an uplifting of the heart; a glance towards heaven; a cry of gratitude and love, uttered equally in sorrow and in joy.","CCC official English (LEV/USCCB); Story of a Soul, trans. Thomas N. Taylor (1912)",Libreria Editrice Vaticana/USCCB; Burns & Oates (1912),1993 (CCC); 1897 (Ms C),"CCC ¶2558; Story of a Soul ch. X in the Taylor 1912 ed. (Manuscript C, 25r)",https://www.scborromeo.org/ccc/p4s1.htm (mirror of vatican.va CCC ¶2558) ; https://archive.org/details/story-of-a-soul-by-saint-therese-of-lisieux,2026-09-16,VERIFIED_MINOR_VARIANT,"Heard wording is the speaker's rendering of 'a simple look turned toward heaven' (CCC ¶2558) / 'a glance towards heaven' (Taylor 1912) — matches no edition verbatim ('glance' = Taylor; 'towards heaven' = CCC). ALSO: the audio attribution itself is uncertain — ASR heard 'St. Teresa' and the C01 review flags [possibly: Thérèse]; the quotation is Thérèse of Lisieux's, not Teresa of Avila's. Human listen required before printing the attribution.",NOTE — CCC English © LEV/USCCB; Clarke tr. © ICS Publications if used,pipeline-researcher
SRC-028,C03,00:21:19,quote,St. Thérèse of Lisieux (attribution unverified),(source not identified),"St. Thérèse says, prayer [possibly: love] is to be poured out into another.",,"No source located matching this wording. Thérèse's classic definition of prayer (CCC ¶2558; Story of a Soul, Ms C 25r — see SRC-027) reads 'a surge of the heart... a simple look turned toward heaven' — no 'poured out into another.'",—,—,—,—,https://www.scborromeo.org/ccc/p4s1.htm ; https://archive.org/details/story-of-a-soul-by-saint-therese-of-lisieux,2026-09-16,ATTRIBUTION_UNCONFIRMED,"Wording cannot be matched to Thérèse's writings. The heard word itself is uncertain (ASR 'prayer' p=0.249 vs 'love'). The speaker's immediate context is kenosis ('to pour out' — his own gloss of the Greek), suggesting this may be his own image presented under Thérèse's name. Author must supply the source or the line should be recast.",—,pipeline-researcher
SRC-029,C03,00:13:49,quote,St. Thérèse of Lisieux,Last Conversations (Novissima Verba),"St. Thérèse said at the end of her life, before she was about to expire from tuberculosis — a very painful, terrible disease — 'Everything is grace.'",,"Novissima Verba (English ed. 1952), entry of 5 June 1897: Without doubt it is a great grace to receive the Sacraments, but when it does not please God to grant this favor, that is equally a grace... . Everything is a grace. (French original: Tout est grace.)","Novissima Verba: the last conversations and confidences of Saint Thérèse of the Child Jesus, May-September, 1897 (records of Mother Agnès of Jesus)","Burns Oates & Washbourne (1952 ed., archive.org scan)",1952 (conversations 1897),entry dated 5 June 1897 in this edition (the saying is dated 11 June 1897 in some other printings),https://archive.org/details/novissima-verba-saint-therese-of-lisieux,2026-09-16,VERIFIED_MINOR_VARIANT,"Fetched English rendering is 'Everything is a grace' (heard: 'Everything is grace' — article dropped). Date discrepancy: the 1952 edition places the passage under 5 June 1897; other editions cite 11 June 1897 — if a date is printed, check against the French Cahier jaune (archives-carmel-lisieux.fr, Cloudflare-blocked to the pipeline). Owner 2026-09-16: most accurate date chosen; see SRC-029-date.md (5 June 1897 per 1952 Novissima Verba). [SRC-029-date.md pending — integrate when written.] Owner 2026-09-16: most accurate date = 5 June 1897; 11-June attribution unverified (critical edition unreachable); see SRC-029-date.md.",NOTE — English translation © publisher; short phrase with attribution acceptable,pipeline-researcher
SRC-030,E01,E01 00:31:57-00:32:07 ; C03 00:14:51-00:15:04,quote,Max Weber,Science as a Vocation (Wissenschaft als Beruf),"E01: of living in what Max Weber, a 19th-century German philosopher, called 'living in an enchanted world that has a magic behind it.' C03: Max Weber, a German philosopher of the 19th century, said, 'This [possibly: It] is an enchanted world.' ... the material world is brimming with the invisible.",,"German (1919 pamphlet, p. 16): Das aber bedeutet: die Entzauberung der Welt. Nicht mehr, wie der Wilde, für den es solche Mächte gab, muß man zu magischen Mitteln greifen, um die Geister zu beherrschen oder zu erbitten. English (Gerth & Mills, p. 155): The fate of our times is characterized by rationalization and intellectualization and, above all, by the 'disenchantment of the world.' (p. 139: This means that 'the world is disenchanted.')","Wissenschaft als Beruf (lecture 7 Nov 1917, publ. 1919); English in H. H. Gerth & C. Wright Mills (trans./eds.), From Max Weber: Essays in Sociology (1946)","Duncker & Humblot, München/Leipzig (1919); Oxford University Press, New York (1946)",1919 / 1946,"1919 pamphlet p. 16 (German); Gerth & Mills pp. 139, 155",https://de.wikisource.org/wiki/Wissenschaft_als_Beruf ; https://archive.org/details/497pgs-h.-h.-gerth-and-c.-wright-mills-from-max-weber-essays-in-sociology-oxford,2026-09-16,PARAPHRASE_CONFIRMED,The speaker INVOKES Weber's famous 'disenchantment of the world' (Entzauberung der Welt) but presents its inversion ('an enchanted world... that has a magic behind it') — that wording is not Weber's. Also: Weber (1864-1920) is usually classed as an early-20th-century sociologist; the speaker says 'a 19th-century German philosopher' (kept as heard; author may wish to adjust). The German sentence and the standard English translation are both verified. Owner 2026-09-16: Weber reference removed from book; recast as 'living in an enchanted world.',NOTE — Gerth & Mills translation © Oxford University Press if quoted,pipeline-researcher
SRC-031,C02,C02 00:04:42 ; E01 00:18:43,reference,Karol Wojtyła (Pope John Paul II),The Acting Person (1969/1979); Love and Responsibility (1960/1981),"You might recognize that as the school of philosophy that Karol Wojtyła was also involved in, on the other side of Europe. / E01: He was of the school called personalism, and of that school, in a different area of the world, was also Karol Wojtyła. (No quotation attributed in audio.)",,"Bibliographic records (archive.org): The acting person, John Paul II, 1979, Dordrecht; Boston: D. Reidel Pub. Co. (Analecta Husserliana v. X; orig. Osoba i czyn, 1969). Love and responsibility, Karol Wojtyła (trans. H. T. Willetts; Farrar Straus & Giroux 1981/1994; Ignatius Press 1993; orig. Miłość i odpowiedzialność, 1960).",English editions as recorded,"D. Reidel; Farrar, Straus & Giroux; Ignatius Press",1960/1969 (orig.); 1979/1981/1993 (Eng.),bibliographic reference only,https://archive.org/details/actingperson0000john ; https://archive.org/details/loveresponsibili00john,2026-09-16,VERIFIED_EXACT,"No quotation is attributed to Wojtyła in the audio — he is named as a personalist philosopher alongside Gabriel Marcel, which the bibliographic record supports. If the book discusses his personalism, cite The Acting Person and/or Love and Responsibility (both ©).",—,pipeline-researcher
SRC-032,C02,00:17:13,reference,Jordan B. Peterson,Maps of Meaning: The Architecture of Belief,"In the ancient world, this was not so uncommon... they would draw pictures in the sky, and they would connect to their maps of meaning. (lowercase; no citation stated)",,"Bibliographic record: Maps of meaning : the architecture of belief — Peterson, Jordan B. — New York: Routledge, 1999 (archive.org identifier mapsofmeaningarc0000pete).",—,"Routledge, New York",1999,title reference only,https://archive.org/details/mapsofmeaningarc0000pete,2026-09-16,VERIFIED_EXACT,The speaker does not cite the book; the phrase matches the title of Peterson's 1999 book. Lowercase in audio and not marked as a citation — whether it is a deliberate allusion is for the author to decide; the transcript implies no citation.,—,pipeline-researcher
SRC-033,C02,00:12:59-00:13:40,legend,St. Augustine (attributed legend),Seashore legend of the boy and the sea (traditional),"We remember the dream of St. Augustine, walking along a beach and finding a boy, digging a hole, taking a pail and going to the ocean and dumping ocean water into that hole... 'I'm pouring the ocean into this hole.' ... And that is also the case, the boy says, when you try to understand God as one in three.",,"Caxton's Golden Legend (1483), 'The Life of St. Austin' (Caxton's own addition): It was so that this glorious doctor... on a time as he went by the sea-side in Africa, studying on the Trinity, he found by the sea-side a little child which had made a little pit in the sand, and in his hand a little spoon. And with the spoon he took out water of the large sea and poured it into the pit. ... 'Yes, forsooth,' said he, 'I shall lightlier and sooner draw all the water of the sea and bring it into this pit than thou shalt bring the mystery of the Trinity and his divinity into thy little understanding...' And therewith the child vanished away. Caxton's caveat: howbeit I find it not in the legend, mine exemplar, neither in English, French, ne in Latin.",William Caxton's English Golden Legend (1483),christianiconography.info (transcription of Caxton 1483),1483,'The Life of St. Austin' — 'The Boy By the Sea',https://christianiconography.info/goldenLegend/augustine.htm ; https://christianiconography.info/augustine.html,2026-09-16,ATTRIBUTION_UNCONFIRMED,"Traditional LEGEND, not history: not in Augustine's own writings or early vitae; not in Voragine's Legenda Aurea (c. 1270); earliest written attestation located = Caxton's 1483 Golden Legend, added by Caxton from a painting at Antwerp (story circulating by the 15th c.). The speaker retells it as a story, not a quotation. Any book use must label it as legend/tradition.",PUBLIC_DOMAIN (Caxton 1483),pipeline-researcher
SRC-034,C03,00:01:37-00:01:54,quote,'Bill Daniels' (unidentified),(source not identified),"The uncreating [possibly: uncreated] love created love out of his creativity, according to Bill Daniels, I think, and according to Joseph Ratzinger. God's love spilled out.",,"No Catholic author, theologian, or liturgist named 'Bill Daniels' (or William Daniels) associated with this material could be identified in any fetched source (web search engines incl. Brave/Marginalia; archive.org full-text). ASR probability for the name is 1.0/1.0, so the audio clearly says something like it.",—,—,—,—,https://archive.org/search?query=%22bill+daniels%22,2026-09-16,ATTRIBUTION_UNCONFIRMED,"Name unverifiable. Human re-listen of C03 00:01:47 required (review log Q5). A hypothesis for the human check — flagged as SPECULATION ONLY, not a finding: the name may be garbled in the speaker's memory; no candidate may be asserted without audio confirmation. See unresolved.md Stage 2 item 10. Owner 2026-09-16: Bill Daniels is a retreatant on the retreat, not a published author; attribution removed from chapter.",—,owner-note
SRC-035,C03,00:01:37-00:01:54,quote,Joseph Ratzinger,(passage not located),The uncreating [possibly: uncreated] love created love out of his creativity ... according to ... Joseph Ratzinger. God's love spilled out.,,"Closest verified Ratzinger formulations (OCR via Open Library search-inside): Introduction to Christianity — 'Love itself — the uncreated, eternal God — must therefore be in the highest degree...'; The God of Jesus Christ ('GOD THE CREATOR') — 'Human beings are as a result of the creative love of God...' / 'as the creative love that awaits us.'",English editions as recorded,(Ignatius Press editions scanned),1968/1976 orig.,section 'GOD THE CREATOR' (The God of Jesus Christ); passage not page-pinned,https://archive.org/details/godofjesuschrist0000bene_e7k2 ; https://archive.org/details/introductiontoch0000jose,2026-09-16,LOCATOR_MISSING,"Exact heard wording not found in fetched Ratzinger OCR (Introduction to Christianity; The God of Jesus Christ; In the Beginning... — all 'uncreating/uncreated love created love' and 'spilled out' searches negative). The theme (God as creative love; 'the uncreated, eternal God') is verified. Print/Google Books check of the German originals ('schöpferische Liebe', 'ungeschaffene Liebe') recommended before citing a passage.",PERMISSION_REVIEW if a Ratzinger passage is quoted,pipeline-researcher
SRC-036,C03,00:13:47,quote,Luigi Giussani,(attribution unverified — cf. The Religious Sense),"Luigi Giussani, one of the great religious thinkers and reformers of the 20th century, said, 'Everything is positive.' Everything is positive. Everything is good.",,"Exact sentence not found in any fetchable text. The Religious Sense (Il senso religioso; English trans. John Zucchi, McGill-Queen's University Press 1997) is lending-restricted and not text-searchable (archive.org djvu 401; HathiTrust and Google Books blocked). No Giussani hit in Open Library search-inside for 'everything is positive' or 'positivity of the real'.",—,McGill-Queen's University Press (1997 English ed.),1997,—,https://archive.org/details/religioussense0000gius,2026-09-16,PARAPHRASE_CONFIRMED,"Theme (the positivity of reality) is associated with Giussani in secondary literature, but no verbatim confirmation was obtained. Must not be printed as a quotation without the author's source or a print-copy check of The Religious Sense. Owner 2026-09-16: commonly cited Giussani aphorism; verbatim wording unpinned.",—,pipeline-researcher
SRC-037,C03,00:22:14-00:22:23,quote,Gabriel Marcel,Being and Having (Metaphysical Diary); cf. Homo Viator (1951),"To hope is to affirm being, says Gabriel Marcel. To despair is to negate being, to give up on all existence.",,"Being and Having (Dacre 1949), Metaphysical Diary, Feb. 1931: At the root of the hope is the consciousness of a state of things which invites us to despair (illness, damnation, etc.). To hope is to put one's trust in reality, to assert that it contains the means of triumphing over this danger... 22 Mar. 1931: To despair of a man is not this to deny him as a soul? (also, 'On the Ontological Mystery': ...to deny that an unconditional affirmation of Being is possible...)",English trans. Katharine Farrer (1949),"Dacre Press, Westminster",1949,"Metaphysical Diary, Feb. 1931 and 22 Mar. 1931 entries (printed pp. ~74, 84)",https://archive.org/details/beingandhaving032354mbp,2026-09-16,PARAPHRASE_CONFIRMED,Heard formulation ('affirm being / negate being') is the speaker's summary of Marcel's hope/despair dialectic — not located verbatim; the fetched diary passages corroborate the idea. Marcel's fullest treatment is Homo Viator: Introduction to a Metaphysic of Hope (1951) — not fetchable (lending). Print check recommended if the book cites Marcel on hope.,PERMISSION_REVIEW — copyrighted book if quoted,pipeline-researcher
SRC-038,C03,C03 00:15:21 ; E01 00:35:44-00:35:58,reference,John Paul II (phrase popularized by George Weigel),Theology of the Body catecheses; 'law of the gift',"Recall John Paul II's Theology of the Body. He speaks often of the law of the gift. In this world, when we give something away... I no longer have this... But in the world of grace, when I give, I do not lose. In fact, I gain.",,"JPII, TOB General Audience, 20 Feb 1980: That happens precisely by means of the sincere gift of himself. The exact phrase 'law of the gift' does NOT occur in vatican.va TOB audience texts (checked 14 Nov 1979 and 20 Feb 1980 audiences; site-wide search negative). CERC: This 'law of the gift,' as it is called by Catholic commentator George Weigel, is written in every human heart.",Official vatican.va English of the audiences,Libreria Editrice Vaticana,1979-1984 (audiences),"General Audience, 20 Feb 1980 (exemplar)",https://www.vatican.va/content/john-paul-ii/en/audiences/1980/documents/hf_jp-ii_aud_19800220.html ; https://catholiceducation.org/en/marriage-and-family/five-key-features-of-the-theology-of-the-body.html,2026-09-16,PARAPHRASE_CONFIRMED,"The phrase 'law of the gift' is George Weigel's popularization of John Paul II's 'sincere gift of self' teaching (itself rooted in Gaudium et spes §24 — see SRC-039), not a locatable phrase in the TOB audiences. If the book uses the phrase, attribute carefully (e.g., 'the ""law of the gift,"" as it is commonly called in presentations of John Paul II's Theology of the Body'). Owner 2026-09-16: 'as it is commonly called' + George Weigel popularization endnote confirmed.",—,pipeline-researcher
SRC-039,E01,00:36:05-00:36:08,quote,Second Vatican Council,"Gaudium et spes, §24","There's only a sincere gift of oneself, the Second Vatican Council says, that man finds himself.",,"GS 24 (official vatican.va English): ...This likeness reveals that man, who is the only creature on earth which God willed for itself, cannot fully find himself except through a sincere gift of himself.",Official English translation (vatican.va),Libreria Editrice Vaticana,1965,"Part I, Ch. II, §24 (sentence 3)",https://www.vatican.va/archive/hist_councils/ii_vatican_council/documents/vat-ii_const_19651207_gaudium-et-spes_en.html,2026-09-16,PARAPHRASE_CONFIRMED,Speaker's compressed oral rendering kept as heard; the full official sentence is recorded in verified_text. Note the official English reads 'which God willed for itself' (not 'for its own sake').,NOTE — Vatican text; short excerpt with attribution,pipeline-researcher
SRC-040,E01,00:26:47-00:26:55,quote,St. John of the Cross,Counsels of Light and Love (Sayings of Light and Love),"God the Father spoke one word from all eternity — St. John of the Cross says — and that word was his Son, and that word was uttered in silence. And if we are to receive that word, we are to receive it in silence.",,"The Father spoke one Word, which was His Son, and this Word He speaks ever in eternal silence, and in silence must it be heard by the soul. (Counsels of Light and Love, saying no. 100, p. 106 of the 2007 edition per OCR; also cited elsewhere as 'Maxims on Love' no. 21 — numbering varies by edition; the same text block ends 'The whole world is not worthy...')","Counsels of Light and Love (Dichos de Luz y Amor), 2007 ed. scan (Open Library search-inside); cf. The Collected Works of St. John of the Cross, trans. Kavanaugh & Rodriguez, ICS Publications",(2007 edition); ICS Publications,2007 (cf. ICS 1979/1991),"saying no. 100, p. 106 (2007 ed.); numbering to confirm against a print edition",https://archive.org/details/counselsoflightl0000unse ; https://openlibrary.org/search/inside.json?q=%22in+silence+must+it+be+heard+by+the+soul%22,2026-09-16,PARAPHRASE_CONFIRMED,"Speaker paraphrases from memory ('uttered in silence' for 'speaks ever in eternal silence, and in silence must it be heard by the soul'). Saying number varies by edition (#100 in the 2007 Counsels ed.; 'Maxims on Love' #21 in other printings). St. John of the Cross d. 1591 — the text is public domain; the 2007 typesetting and the ICS translation are ©. Owner 2026-09-16: paraphrased quote from memory — not to be printed as a verbatim quotation.",NOTE — original text public domain; check edition-specific translation rights,pipeline-researcher
SRC-041,E01,00:26:12-00:26:28,quote,St. Thérèse of Lisieux,Last Conversations (Novissima Verba),"She said, writing in one of her letters, that even if she were to commit the worst sin, she could throw herself into the arms of God, her Father, and be confident that he would catch her.",,"Novissima Verba (1952): (a) Some persons might think that it is only because I have been preserved from mortal sin that I have such great confidence in God. Make it quite clear, Mother, to all that even if I had committed every possible crime, my confidence would remain unshaken, for I should then feel that all the multitude of my offences would vanish as a drop of water cast into a fiery furnace. (b) 3 Aug. 1897: Holiness does not consist in this or that practice; it consists in a disposition of the heart, which makes us always humble and little in the arms of God, well aware of our feebleness, but boldly confident in the Father's goodness. (c) 16 Sept. 1897: Yes, but it is into the arms of the good God that I shall fall.","Novissima Verba: the last conversations and confidences of Saint Thérèse of the Child Jesus, May-September, 1897","Burns Oates & Washbourne (1952 ed., archive.org scan)",1952 (conversations 1897),section 'Again about the manuscript of her Autobiography'; entries 3 Aug. and 16 Sept. 1897,https://archive.org/details/novissima-verba-saint-therese-of-lisieux,2026-09-16,PARAPHRASE_CONFIRMED,"The speaker's paraphrase merges several Last Conversations passages. Source correction: the material is from the Last Conversations (Yellow Notebook of Mother Agnès of Jesus), NOT 'one of her letters' as the speaker says — attribution must be corrected in the book.",NOTE — English translation © publisher; paraphrase with attribution acceptable,pipeline-researcher
SRC-042,E01,00:24:18-00:24:45,quote,St. John Henry Newman,"Apologia pro Vita Sua (1864), Part I","St. John Henry Newman — when he was a child, he said that he thought the invisible world was more real to him than the visible world. That the visible world was like a shroud placed over us.",,"Apologia, Part I (newmanreader.org): I used to wish the Arabian Tales were true: my imagination ran on unknown influences, on magical powers, and talismans... I thought life might be a dream, or I an Angel, and all this world a deception, my fellow-angels by a playful device concealing themselves from me, and deceiving me with the semblance of a material world. ... It also strengthened my feeling of separation from the visible world, of which I have spoken above.","1865 uniform edition text (newmanreader.org, National Institute for Newman Studies)","Longmans, Green, and Co.",1864 (1st pub.); text 1865,"Part I, ch. 1 (childhood recollection)",https://www.newmanreader.org/works/apologia65/chapter1.html,2026-09-16,PARAPHRASE_CONFIRMED,"Substance matches the Apologia, Part I. The word 'shroud' does not occur there; the 'veil' image is Newman's from the 'Watching' sermon ('earth and sky are but a veil going between Him and us') — the speaker conflates the two. Newman d. 1890: public domain.",PUBLIC_DOMAIN (Newman d. 1890),pipeline-researcher
SRC-043,E01,00:43:45-00:44:00,quote,St. John Henry Newman,"'Watching', Parochial and Plain Sermons vol. IV, sermon 22","St. John Henry Newman — himself was an Oratorian priest like myself — he said that watching is that feeling you have when you're expecting a friend to come to your house, and for some reason he's delayed, but all of your thoughts are fixed on him...",,"Do you know the feeling in matters of this life, of expecting a friend, expecting him to come, and he delays? ... To watch for Christ is a feeling such as all these; as far as feelings of this world are fit to shadow out those of another. (PPS vol. IV, sermon 22, 'Watching', on Mark xiii. 33)","Parochial and Plain Sermons, vol. IV (newmanreader.org text)","Longmans, Green, and Co.",1839 (1st preached); 1909 impression,"Vol. IV, Sermon 22",https://www.newmanreader.org/works/parochial/volume4/sermon22.html,2026-09-16,PARAPHRASE_CONFIRMED,Heard paraphrase accurately captures the passage. Also confirmed in the same sermon: 'He is behind this material framework; earth and sky are but a veil going between Him and us' (the veil image the speaker merges into the Apologia retelling — see SRC-042).,PUBLIC_DOMAIN (Newman d. 1890),pipeline-researcher
SRC-044,E01,00:39:47-00:39:55,reference,"Jean-Baptiste Chautard, OCSO",The Soul of the Apostolate,One thing that gets in the way of this habit of living in mystery... is what the author of The Soul of the Apostolate calls dissipation. We ought to have the custody of our hearts...,,"(1946 Gethsemani trans., Eighth Truth, pp. 17-18) My interior life will be no better than my custody of my heart. 'Before all things keep a guard over thy heart, for from it springs forth life'... This custody of the heart is simply a HABITUAL or at least frequent anxiety to preserve all my acts, as they arise, from everything that might spoil their motive or their execution. (pp. 18-19) Custody of the heart demands a certain amount of recollection: there is no place for it in a soul given to dissipation. (ch. heading, p. 267) Custody of the Heart Is the Keystone of the Interior Life...","Translated by a Monk of Our Lady of Gethsemani (New English Translation), 1946","Abbey of Gethsemani (Trappist, Ky.)",1946,"Sixth-Eighth Truths, pp. 15-19; ch. heading p. 267",https://archive.org/details/soulofapostolate00chau,2026-09-16,PARAPHRASE_CONFIRMED,"Book says 'custody of the/my heart,' not the heard 'custody of our hearts.' Both key terms (custody of the heart; dissipation) verified in the 1946 translation.",PERMISSION_REVIEW if quoted (1946 translation ©),pipeline-researcher
SRC-045,E01,00:30:15-00:30:21,quote,St. Augustine (attribution doubtful — speaker hedges),(no source located),"You will find some Catholic person likes to quote this one thing that St. Augustine apparently said. 'I looked into my deepest wound, and there I saw your glory, and it dazzled me.'",,"No occurrence located in any genuine Augustine text searched (New Advent/CCEL full text; Open Library search-inside). Closest genuine passages: Conf. X.6.8 percussisti cor meum verbo tuo, et amavi te ('You have stricken my heart with Your word, and I loved You'); Conf. X.28.39 ecce vulnera mea non abscondo ('behold, my wounds I do not hide').",—,—,—,—,https://www.newadvent.org/fathers/110110.htm,2026-09-16,PARAPHRASE_CONFIRMED,"Sentence not attested in Augustine's corpus via any fetched source; it has the shape of a modern devotional paraphrase of the genuine wound/healing passages above. The speaker's own hedge ('apparently said') must be preserved in any book use. Verification round 2: closest genuine source = Confessions X.41.66 ('with a wounded heart have I seen Your brightness...', Pusey); keep speaker's 'apparently said' hedge + endnote X.41.66. See SRC-045-verify.md. Owner 2026-09-17: keep hedge + endnote citing Confessions X.41.66.",—,pipeline-researcher
SRC-046,E01,00:01:45-00:01:53 (repeated 00:31:35-00:31:37) ; C04 00:07:09,scripture,St. Paul,Romans 12:2,"'Do not be conformed to this age, but be transformed by the renewal of your mind.' Romans 12.",Romans 12 (spoken),"RSV: Do not be conformed to this world but be transformed by the renewal of your mind, that you may prove what is the will of God, what is good and acceptable and perfect. (RSV footnote: Greek age)","Revised Standard Version c 1946, 1952, 1971 NCC (USA)",National Council of the Churches of Christ in the USA,1952 (2nd ed. 1971),Romans 12:2,https://www.biblegateway.com/passage/?search=Romans+12%3A2&version=RSV,2026-09-16,VERIFIED_MINOR_VARIANT,RSV prints 'this world' (footnote: Greek age); NABRE prints 'this age' ('Do not conform yourselves to this age'). Heard wording blends RSV 'Do not be conformed' with NABRE-style 'this age' — the author's Bible-edition choice (unresolved.md item F) applies here too.,NOTE — RSV © NCC; short excerpt with attribution,pipeline-researcher
SRC-047,C01,00:06:22,scripture,,Genesis 1:26,"The first chapter of Genesis, when God says, 'Let us create man in our own image and likeness.'",,"RSV: Then God said, 'Let us make man in our image, after our likeness; and let them have dominion over the fish of the sea, and over the birds of the air, and over the cattle, and over all the earth, and over every creeping thing that creeps upon the earth.'","Revised Standard Version c 1946, 1952, 1971 NCC (USA)",National Council of the Churches of Christ in the USA,1952 (2nd ed. 1971),Genesis 1:26,https://www.biblegateway.com/passage/?search=Genesis+1%3A26&version=RSV,2026-09-16,PARAPHRASE_CONFIRMED,"Speaker's memory paraphrase ('create... our own image and likeness'); RSV: 'make man in our image, after our likeness.' Kept as heard — not forced to match a translation.",NOTE — RSV © NCC; short excerpt with attribution,pipeline-researcher
SRC-048,C01,00:13:24,scripture,,Luke 2:49,"Or we can go back to Luke 2, 'Do you not know I must be about my Father's business and my Father's house,' that is, the temple.",,"RSV: And he said to them, 'How is it that you sought me? Did you not know that I must be in my Father's house?' KJV: wist ye not that I must be about my Father's business?",RSV and KJV renderings recorded,Biblegateway texts,—,Luke 2:49,https://www.biblegateway.com/passage/?search=Luke+2%3A49&version=RSV,2026-09-16,PARAPHRASE_CONFIRMED,Speaker merges the KJV-tradition 'about my Father's business' with 'my Father's house' (RSV). Paraphrase from memory — kept as heard.,NOTE — RSV © NCC,pipeline-researcher
SRC-049,C01,00:16:21,scripture,,John 12:24,"'Unless a seed fall to the ground and dies, it remains but a seed. But if it dies, it produces much fruit.'",,"RSV: Truly, truly, I say to you, unless a grain of wheat falls into the earth and dies, it remains alone; but if it dies, it bears much fruit.","Revised Standard Version c 1946, 1952, 1971 NCC (USA)",National Council of the Churches of Christ in the USA,1952 (2nd ed. 1971),John 12:24,https://www.biblegateway.com/passage/?search=John+12%3A24&version=RSV,2026-09-16,PARAPHRASE_CONFIRMED,Speaker's memory paraphrase; RSV recorded for comparison. Kept as heard.,NOTE — RSV © NCC,pipeline-researcher
SRC-050,C03,00:07:30,scripture,,John 1:14,God said — Mary said — and the Word became flesh and dwelt among us.,,"RSV: And the Word became flesh and dwelt among us, full of grace and truth; we have beheld his glory, glory as of the only Son from the Father.","Revised Standard Version c 1946, 1952, 1971 NCC (USA)",National Council of the Churches of Christ in the USA,1952 (2nd ed. 1971),John 1:14,https://www.biblegateway.com/passage/?search=John+1%3A14&version=RSV,2026-09-16,VERIFIED_EXACT,Matches RSV verbatim (the speaker quotes only the first clause).,NOTE — RSV © NCC; short excerpt with attribution,pipeline-researcher
SRC-051,E01,00:27:13-00:27:23,scripture,,Matthew 6:5-6,"He says when you pray, do not be like the hypocrites who like to stand on street corners and marketplaces. Rather, when you pray, go into your inner room, close the door, and your Father who hears in secret will reward you.",,"RSV: And when you pray, you must not be like the hypocrites; for they love to stand and pray in the synagogues and at the street corners, that they may be seen by men. Truly, I say to you, they have received their reward. But when you pray, go into your room and shut the door and pray to your Father who is in secret; and your Father who sees in secret will reward you.","Revised Standard Version c 1946, 1952, 1971 NCC (USA)",National Council of the Churches of Christ in the USA,1952 (2nd ed. 1971),Matthew 6:5-6,https://www.biblegateway.com/passage/?search=Matthew+6%3A5-6&version=RSV,2026-09-16,PARAPHRASE_CONFIRMED,Speaker's memory paraphrase; RSV recorded for comparison. Kept as heard (not forced to match).,NOTE — RSV © NCC,pipeline-researcher
SRC-052,E01,00:30:42-00:30:54,scripture,St. John,1 John 4:10,"And this is love — not that we have loved God, St. John says... No, and this is love: not that we have loved God, but that he has loved us and sent his Son as expiation for our sins.",,"RSV: In this is love, not that we loved God but that he loved us and sent his Son to be the expiation for our sins.","Revised Standard Version c 1946, 1952, 1971 NCC (USA)",National Council of the Churches of Christ in the USA,1952 (2nd ed. 1971),1 John 4:10,https://www.biblegateway.com/passage/?search=1+John+4%3A10&version=RSV,2026-09-16,VERIFIED_MINOR_VARIANT,Speaker's near-quotation with homiletic expansion ('and this is love' for RSV 'In this is love'; 'sent his Son as expiation' for 'sent his Son to be the expiation'). Variant kept as heard.,NOTE — RSV © NCC; short excerpt with attribution,pipeline-researcher
SRC-053,E01,00:45:34-00:45:42,scripture,,Matthew 11:28,"'Come to me, all you who labor and are heavily burdened, and I will give you rest.'",,"RSV: Come to me, all who labor and are heavy laden, and I will give you rest.","Revised Standard Version c 1946, 1952, 1971 NCC (USA)",National Council of the Churches of Christ in the USA,1952 (2nd ed. 1971),Matthew 11:28,https://www.biblegateway.com/passage/?search=Matthew+11%3A28&version=RSV,2026-09-16,VERIFIED_MINOR_VARIANT,Speaker's variant 'all you who labor and are heavily burdened' vs RSV 'all who labor and are heavy laden' — memory variant kept as heard (spoken as a quotation).,NOTE — RSV © NCC; short excerpt with attribution,pipeline-researcher
SRC-054,E01,00:37:09-00:37:28,scripture,St. Paul,1 Corinthians 13:13,"Faith, hope, and love. The greatest of these is love.",,"RSV: So faith, hope, love abide, these three; but the greatest of these is love.","Revised Standard Version c 1946, 1952, 1971 NCC (USA)",National Council of the Churches of Christ in the USA,1952 (2nd ed. 1971),1 Corinthians 13:13,https://www.biblegateway.com/passage/?search=1+Corinthians+13%3A13&version=RSV,2026-09-16,VERIFIED_MINOR_VARIANT,"Spoken fragment/adaptation of RSV 'So faith, hope, love abide, these three; but the greatest of these is love.' Kept as heard.",NOTE — RSV © NCC,pipeline-researcher
SRC-055,C03,00:16:51-00:16:58,reference,St. Louis-Marie Grignion de Montfort,True Devotion to the Blessed Virgin Mary,"...or Louis de Montfort understood, in his devotion to Mary. When we give everything to Jesus through Mary, we don't lose anything of ourselves, but we gain.",,"Faber trans. (1863), p. 87: We renounce, as is expressed in the formula of consecration, the devil, the world, sin, and self; and we give ourselves entirely to Jesus Christ by the hands of Mary. Act of Consecration (pp. 191-192): I deliver and consecrate to thee, as thy slave, my body and soul, my goods, both interior and exterior, and even the value of all my good actions, past, present, and future... 1949 numbered ed.: ...consecrated and sacrificed to Jesus Christ through Mary can no longer dispose of the value of any of...",English trans. Frederick William Faber (1863); 1949 paragraph-numbered edition,Burns and Lambert (1863); archive.org scans,1863 / 1949,p. 87; Act of Consecration pp. 190-193 (Faber); Part I sections in 1949 ed.,https://archive.org/details/ATreatiseOnTheTrueDevotion ; https://archive.org/details/truedevotiontobl0000stlo,2026-09-16,PARAPHRASE_CONFIRMED,"Heard 'give everything to Jesus through Mary' is not verbatim; Faber renders 'we give ourselves entirely to Jesus Christ by the hands of Mary' (p. 87), the 1949 edition uses 'through Mary.' Total consecration theme confirmed. De Montfort d. 1716 — public domain.",PUBLIC_DOMAIN (author d. 1716; Faber tr. 1863),pipeline-researcher
SRC-056,C03,00:07:20,scripture,,Luke 1:38,"And it wasn't until the Blessed Virgin Mary, as a young woman, responded to God's will: 'Let it be done to me according to thy word.'",,"RSV: And Mary said, 'Behold, I am the handmaid of the Lord; let it be to me according to your word.' And the angel departed from her.","Revised Standard Version c 1946, 1952, 1971 NCC (USA)",National Council of the Churches of Christ in the USA,1952 (2nd ed. 1971),Luke 1:38,https://www.biblegateway.com/passage/?search=Luke+1%3A38&version=RSV,2026-09-16,VERIFIED_MINOR_VARIANT,Speaker's archaic variant ('Let it be done... according to thy word' — traditional liturgical register); RSV: 'let it be to me according to your word.' Kept as heard.,NOTE — RSV © NCC,pipeline-researcher
SRC-057,C03,00:06:50-00:07:04,scripture,,"Genesis 1:3, 1:9, 1:26; Vulgate","'Let us create,' he says. 'Let there be light.' Fiat lux, he creates. And there was light. 'Let there be dry land.'",,"RSV Gen 1:3: And God said, 'Let there be light'; and there was light. RSV Gen 1:9: And God said, 'Let the waters under the heavens be gathered together into one place, and let the dry land appear.' And it was so. Nova Vulgata Gen 1:3: Dixitque Deus: 'Fiat lux'. Et facta est lux. (Gen 1:26 'Let us make man...' — see SRC-047.)",Revised Standard Version; Nova Vulgata (vatican.va),NCC (USA); Libreria Editrice Vaticana,1952/1971 (RSV); 1979 (Nova Vulgata),"Genesis 1:3, 1:9",https://www.biblegateway.com/passage/?search=Genesis+1%3A1-5&version=RSV ; https://www.biblegateway.com/passage/?search=Genesis+1%3A9&version=RSV ; https://www.vatican.va/archive/bible/nova_vulgata/documents/nova-vulgata_vt_genesis_lt.html,2026-09-16,PARAPHRASE_CONFIRMED,'Let there be light'/'let the dry land appear' match RSV; 'Fiat lux' verified in the Nova Vulgata. 'Let us create' is the speaker's rendering of Gen 1:26 (SRC-047). Note: the speaker calls the creation verbs 'the passive tense' — grammatically loose (fiat is jussive/passive; 'Let us make' is cohortative plural) — flagged for the theological reviewer in the C03 review log (Q9).,NOTE — RSV © NCC; Vulgate public domain,pipeline-researcher
SRC-058,C03,00:23:32,scripture,St. Paul,1 Thessalonians 5:18,"Saint Paul says, 'Give thanks.'",,RSV: give thanks in all circumstances; for this is the will of God in Christ Jesus for you.,"Revised Standard Version c 1946, 1952, 1971 NCC (USA)",National Council of the Churches of Christ in the USA,1952 (2nd ed. 1971),1 Thessalonians 5:18,https://www.biblegateway.com/passage/?search=1+Thessalonians+5%3A18&version=RSV,2026-09-16,PARAPHRASE_CONFIRMED,Spoken fragment of the verse — kept as heard.,NOTE — RSV © NCC,pipeline-researcher
SRC-059,E01,00:38:13-00:38:35,scripture,,Mark 12:41-44 / Luke 21:1-4,"It's like the woman who was the widow who gave only two small coins in the treasury. And our Lord, on the eve of his passion, said, that woman has given more than everyone else. Everyone else gave of their excess. She gave from her poverty, her whole livelihood.",,"RSV Mk 12:43-44: And he called his disciples to him, and said to them, 'Truly, I say to you, this poor widow has put in more than all those who are contributing to the treasury. For they all contributed out of their abundance; but she out of her poverty has put in everything she had, her whole living.' RSV Lk 21:3-4: And he said, 'Truly I tell you, this poor widow has put in more than all of them; for they all contributed out of their abundance, but she out of her poverty put in all the living that she had.'","Revised Standard Version c 1946, 1952, 1971 NCC (USA)",National Council of the Churches of Christ in the USA,1952 (2nd ed. 1971),Mark 12:41-44; Luke 21:1-4,https://www.biblegateway.com/passage/?search=Mark+12%3A41-44&version=RSV ; https://www.biblegateway.com/passage/?search=Luke+21%3A1-4&version=RSV,2026-09-16,PARAPHRASE_CONFIRMED,"Retelling, not a quotation. Speaker's setting 'on the eve of his passion' fits Luke's Jerusalem context (Lk 21:1-4). Kept as heard.",NOTE — RSV © NCC,pipeline-researcher
SRC-060,C01,00:22:18,scripture,,Judges 4:21,"And we think of, maybe even, Jael killing Sisera in the tent, using a tent peg to conquer one's enemies.",,"RSV: But Ja'el the wife of Heber took a tent peg, and took a hammer in her hand, and went softly to him and drove the peg into his temple, till it went down into the ground, as he was lying fast asleep from weariness. So he died.","Revised Standard Version c 1946, 1952, 1971 NCC (USA)",National Council of the Churches of Christ in the USA,1952 (2nd ed. 1971),Judges 4:21,https://www.biblegateway.com/passage/?search=Judges+4%3A21&version=RSV,2026-09-16,PARAPHRASE_CONFIRMED,Allusion; reference correct (Jael kills Sisera with a tent peg). Kept as heard.,NOTE — RSV © NCC,pipeline-researcher
SRC-061,C01,00:23:54-00:24:05,scripture,,Genesis 1:31,"...so that when God looked in creation all the other days, he said, 'It is good.' ... He looked at us and said, 'You are very good,' for we are images of God's triune love.",,"RSV: And God saw everything that he had made, and behold, it was very good. And there was evening and there was morning, a sixth day.","Revised Standard Version c 1946, 1952, 1971 NCC (USA)",National Council of the Churches of Christ in the USA,1952 (2nd ed. 1971),Genesis 1:31,https://www.biblegateway.com/passage/?search=Genesis+1%3A31&version=RSV,2026-09-16,PARAPHRASE_CONFIRMED,Speaker adapts 'it was very good' into direct address ('You are very good') for the homiletic point. Kept as heard.,NOTE — RSV © NCC,pipeline-researcher
SRC-062,C05,"n/a — not heard verbatim in reviewed talks (C01-C03, E01); reference for the book's discussion of interiority/intimus (E01 00:28:15-00:29:11)",quote,St. Augustine,Confessions III.6.11,(Task item: 'interior intimo meo' — 'more inward than my innermost'.) The speaker glosses intimus as a superlative ('the most in') at E01 00:28:15-00:29:11 but does not quote the Latin.,,"Latin: tu autem eras interior intimo meo et superior summo meo. Pusey (New Advent, Book III, ch. 6, sect. 11): You were more inward to me than my most inward part; and higher than my highest.","Pusey trans. (New Advent); Latin (thelatinlibrary.com, O'Donnell ed.)",New Advent; thelatinlibrary.com,Latin c. 397-400,Confessions III.6.11,https://www.newadvent.org/fathers/110103.htm ; https://www.thelatinlibrary.com/augustine/conf3.shtml,2026-09-16,VERIFIED_EXACT,Wording and locator verified. The phrase is not heard verbatim in any reviewed transcript; row kept as a verified reference for the book's discussion of intimacy/interiority. (Chadwick's rendering 'But you were more inward than my most inward part and higher than the highest element within me' was not directly fetchable — Google Books blocked.),PUBLIC_DOMAIN (Pusey trans.),pipeline-researcher
SRC-063,C04,00:07:36,scripture,Gospel of Matthew,Mt 18:20 (RSV family),"For where two or three are gathered in my name, there am I in the midst of them.",Matthew 18:20,"For where two or three are gathered in my name, there am I in the midst of them.",RSV (Catholic Edition),National Council of the Churches of Christ in the USA,1966 (Catholic Edition),Matthew 18:20,https://www.biblegateway.com/passage/?search=Matthew%2018%3A20&version=RSVCE,2026-09-16,VERIFIED_MINOR_VARIANT,"Heard: ""Where two or three are gathered in my name, there I am in the midst of them."" — word-order variant of the RSV-CE text; quoted as heard in Ch. 4.",NOTE — RSV © NCC; short excerpt requires attribution,pipeline-researcher
SRC-064,C02,,quote,Flannery O'Connor,"The Habit of Being: Letters of Flannery O'Connor, ed. Sally Fitzgerald (letter to Cecil Dawkins, 23 December 1959)","Heard: “Dogma, which is official church teaching, dogma is the guardian of mystery.” (ASR “Plenary O Connor said that” = “Flannery O'Connor said that.”)",,“Dogma is the guardian of mystery. The doctrines are spiritually significant in ways that we cannot fathom.”,First edition,"Farrar, Straus and Giroux (New York)",1979 (letter dated 1959),"Letter to Cecil Dawkins, 23 December 1959 (printed page not pinned — search-inside scans only)",https://openlibrary.org/search/inside.json?q=%22dogma+is+the+guardian%22 ; https://archive.org/details/habitofbeinglett0000ocon,2026-09-16,VERIFIED_EXACT,"Correct source is the letter to Cecil Dawkins, 23 Dec 1959 — NOT the 1957 essay “The Church and the Fiction Writer” (negative search-inside check of Mystery and Manners). Page number not pinned. Decision whether Ch. 2 prints it pending ch2 integration. Single-sentence quote — flag for the publisher permissions pass.",,pipeline-researcher
SRC-065,C03,,quote,Bruce Marshall,"The World, the Flesh, and Father Smith",Heard: “Every man that's knocking on the door of a brothel is seeking the face of God.” Speaker hedged (“as one 20th-century author said”) and named no author; the common Chesterton attribution is false.,p. 108,"“…the young man who rings the bell at the brothel is unconsciously looking for God,” Father Smith said. (American Chesterton Society: “the only documented source of this quotation is the book The World, The Flesh, and Father Smith by Bruce Marshall (1945)… (p. 108)”)",First US edition (Boston),Houghton Mifflin Company,1945 (first published 1944 in the UK),p. 108,https://www.chesterton.org/other-quotations/ ; https://archive.org/details/worldfleshfather00mars,2026-09-16,PARAPHRASE_CONFIRMED,"NOT Chesterton — documented source is Bruce Marshall, The World, the Flesh, and Father Smith (1945), p. 108; the heard line is a memory-variant. Sentence absent from ~45 Project Gutenberg Chesterton texts. Book prints Marshall's line attributed correctly (ch3); © 1945 work — flag for the rights reviewer.",,pipeline-researcher
SRC-066,C04,,quote,St. John Henry Newman,"Meditations and Devotions, Part II, “Short Meditations on the Stations of the Cross”, Fifth Station (“Simon of Cyrene helps Jesus to carry the Cross”)",Heard: “St. John Henry Newman says that Christ could have carried the cross by himself — he could have chosen to — but he allowed us to have a share in that work.”,Fifth Station (Short Meditations),"“JESUS could bear His Cross alone, did He so will; but He permits Simon to help Him, in order to remind us that we must take part in His sufferings, and have a fellowship in His work. His merit is infinite, yet He condescends to let His people add their merit to it. The sanctity of the Blessed Virgin, the blood of the Martyrs, the prayers and penances of the Saints, the good deeds of all the faithful, take part in that work which, nevertheless, is perfect without them. He saves us by His blood, but it is through and with ourselves that He saves us. Dear Lord, teach us to suffer with Thee, make it pleasant to us to suffer for Thy sake, and sanctify all our sufferings by the merits of Thy own.”","Longmans, Green, and Co. edition of 1907 (text via newmanreader.org; first published 1893)","Longmans, Green, and Co.",1893 (text from the 1907-impression scan),"Part II, Short Meditations on the Stations of the Cross, Fifth Station; pp. 159-160",http://www.newmanreader.org/works/meditations/meditations5.html,2026-09-16,PARAPHRASE_CONFIRMED,Heard line is the speaker's faithful condensation of Newman's opening sentence. Locator caution: the LONG Stations meditations' Fifth Station (pp. 135-137) does NOT contain the idea — the match is exclusively the SHORT meditations' Fifth Station (pp. 159-160). Public domain (Newman d. 1890).,,pipeline-researcher
SRC-067,C05,,quote,Christopher West,Good News About Sex and Marriage (2000; rev. ed. 2004); Theology of the Body Explained (2003),Heard: “Has anyone ever heard that intimacy means 'into me see'?… Q: Did you make it up yourself? A: No. No — Christopher West did.”,,"1. Good News About Sex and Marriage (2000), p. 198: “I once heard it said that intimacy means 'into-me-see.' If husband and wife are intentionally hiding their faces from each other during sex, then something's wrong. They should be …” 2. Revised edition (2004), p. 206: “I once heard it said that intimacy means 'into-me-see.' If husband and wife are afraid to show their faces to each other during sex, then something's wrong. They should be able to …” 3. Theology of the Body Explained (2003), p. 558: “I once heard the word 'intimacy' defined as 'into-me-see.' This explains well that experience of original nakedness. There is no fear in being seen externally because there is no fear of being seen internally.”",As listed (three books),Servant Publications (2000); Charis/Servant Books (2004); Pauline Books & Media (2003),2000 / 2004 / 2003,p. 198 (2000); p. 206 (2004 rev.); p. 558 (2003),https://openlibrary.org/search/inside.json?q=%22into+me+see%22 ; https://openlibrary.org/search/inside.json?q=%22into-me-see%22,2026-09-16,PARAPHRASE_CONFIRMED,"West demonstrably popularizes the wordplay in three books (2000-2004), each introduced with a hedge (“I once heard it said…”); no fetched source shows him coining it — the Q&A claim “Christopher West did [make it up]” is NOT supported; the book must not assert West coined the phrase. Hedge form used. False etymology (intimacy ← Latin intimus).",,pipeline-researcher
SRC-068,,,legend,Cardinal Francis Arinze (attribution unverified),“Sell your coat and buy a catechism” anecdote (no published source located),"Heard: “There was a Jamaican nun… She quoted a cardinal — Cardinal Arinze… who said that if I see a man with a coat but not the Catechism, I tell that man, 'Sell your coat and buy a catechism.'” Speaker immediately hedged.",n/a,No published or retrievable account located. Only verified: Lighthouse Catholic Media talk description — “Francis Cardinal Arinze energetically draws from his experience to help us see the practical value of the Catechism of the Catholic Church (CCC) today…” (contains no coat/catechism line). Luke 22:36 documents the biblical locution only.,n/a (no print source found),n/a,n/a,n/a,https://watch.formed.org/videos/catechism-of-the-catholic-church-a-sure-guide-for-the-modern-world-by-francis-cardinal-arinze ; https://openlibrary.org/search/inside.json?q=%22sell+your+coat%22 ; https://babel.hathitrust.org/cgi/ls?a=srchls;anyall1=phrase;q1=%22sell%20your%20coat%22%20catechism,2026-09-16,ATTRIBUTION_UNCONFIRMED,"Third-hand chain (speaker → unnamed Jamaican nun → Arinze); no verifiable footprint (archive.org, Open Library, HathiTrust, Brave, CWR/NCR). Anecdote omitted from print; if the owner wants it, it must be an unattributed story with the speaker's hedge verbatim.",,pipeline-researcher
SRC-069,C05,,reference,"Thomas Dubay, S.M.","Fire Within: St. Teresa of Avila, St. John of the Cross, and the Gospel, on Prayer","Heard: “Fire Within is a great book by Thomas Dubay, discussing the advancement in the spiritual life from a beginner — where a lot of us are — to ultimately being united with God.” (summary, not a quotation)",Bibliographic reference (no quotation attributed in audio),"Publisher product page: title “Fire Within”; subtitle “Teresa of Avila, John of the Cross and the Gospel on Prayer”; “ISBN/UPC: 9780898702637”; “Publication date: October 06, 1989”; breadcrumb “Fr. Thomas Dubay, S.M.”","First edition, paperback (ISBN-10 0898702631 / ISBN-13 9780898702637; LCCN 89083653; OCLC 20576245)",Ignatius Press (San Francisco),1989 (publisher's listed publication date 6 October 1989),n/a (bibliographic reference),https://ignatius.com/fire-within-fwp/ ; https://openlibrary.org/books/OL2230082M.json ; https://archive.org/details/firewithinsttere0000duba,2026-09-16,VERIFIED_EXACT,"Author, title, publisher, year all confirmed (publisher product page + two independent catalog records). Subtitle punctuation differs across records (non-substantive). Page count 366 (publisher) vs 358 (MARC) — front-matter counting; does not affect the reference.",,pipeline-researcher
SRC-070,C05,,quote,Dante Alighieri,"La Divina Commedia, Paradiso, Canto XXXIII, line 145 (English: Henry Wadsworth Longfellow, The Divine Comedy, Vol. III (Paradiso))",Heard: “…the love that moves the sun and the stars and the moon.” — the speaker's own variant (“and the moon” added); NOT to be printed as a Dante quotation (ASR heard “moves the Son”).,Paradiso XXXIII.145,Italian (it.wikisource): “l'amor che move il sole e l'altre stelle.” Longfellow 1867: “The Love which moves the sun and the other stars.”,Italian per it.wikisource; Longfellow 1867 translation,Ticknor and Fields (Boston),1867,"Paradiso XXXIII.145 (final line); Longfellow Vol. III, Canto XXXIII (final line)",https://it.wikisource.org/wiki/Divina_Commedia/Paradiso/Canto_XXXIII ; https://en.wikisource.org/wiki/Divine_Comedy_(Longfellow_1867)/Volume_3/Canto_33,2026-09-16,VERIFIED_EXACT,The heard variant (“the sun and the stars and the moon”) matches no real Dante line and must not be presented as Dante. Real line verified verbatim: “l'amor che move il sole e l'altre stelle” / “The Love which moves the sun and the other stars.” Both public domain.,,pipeline-researcher
SRC-071,C06,,quote,St. Athanasius (heard attribution “Saint Inaus” unresolved — the maxim as worded is classically Athanasius's),"On the Incarnation of the Word, ch. 54 §3 (as quoted in CCC ¶460)","Heard: “God became man, so that man may become God.” (ASR “Saint Inaus” garbled — pipeline suspects Irenaeus.)","De Incarnatione 54.3 (PG 25, 192B); CCC ¶460 + fn. 80","Athanasius (Robertson, New Advent): “For He was made man that we might be made God ; and He manifested Himself by a body that we might receive the idea of the unseen Father; and He endured the insolence of men that we might inherit immortality.” CCC ¶460: “For the Son of God became man so that we might become God.” (fn. 80: “St. Athanasius, De inc. 54, 3: PG 25, 192B.”)","Robertson trans., Nicene and Post-Nicene Fathers, Second Series, Vol. 4 (eds. Schaff & Wace); CCC, Libreria Editrice Vaticana, 2nd ed.","Christian Literature Publishing Co. (NPNF, Buffalo); Libreria Editrice Vaticana (CCC)",1892 (NPNF); 1997 (CCC 2nd ed.),"De Incarnatione 54.3 (PG 25, 192B); CCC ¶460 + fn. 80",https://www.newadvent.org/fathers/2802.htm ; https://www.vatican.va/archive/ENG0015/__P1J.HTM ; http://www.newadvent.org/fathers/0103500.htm,2026-09-16,PARAPHRASE_CONFIRMED,"Heard wording is a near-verbatim match to the CCC ¶460 rendering of Athanasius; the heard attribution name (“Saint Inaus”) cannot be resolved from ASR — human re-listen before printing any name. Irenaeus carries a genuine parallel (Adv. Haer. V praef.; III.19.1). Safe citation: Athanasius, De Incarnatione 54.3, as quoted in CCC ¶460.",,pipeline-researcher
