recording_id,timestamp,detected_text,match_type,notes
C01_icons_of_the_trinity,00:00:01,"[00:00:01] Fr. Peter: We'll begin with the prayer, the last part of the prayer of St. Patrick's Breastplate. In the name of the Father, and of the Son, and of the Holy Spirit. Amen. I bind unto myself the name, the strong name of the Trinity, by invocation of the same, the three in one, and one in three, of whom all nature hath creation, eternal Father, Spirit, Word. Praise to the Lord of my salvation. Salvation is of Christ the Lord. Amen.",named_source,
C01_icons_of_the_trinity,00:00:33,"[00:00:33] Fr. Peter: In the name of the Father, and of the Son, and of the Holy Spirit. Amen. The impetus for this retreat, and why I picked this particular topic, was to recognize another saint that is during the month of March — one, though — even though he's not of the same status as Saint Joseph — gets maybe more celebration, at least in our country and in Ireland. And that is the saint, Saint Patrick. Saint Patrick, who was known for his evangelization of the peoples of Ireland during the 400s — after having been a slave in Ireland, having learned the language and escaping, he came back to evangelize the same place where he was held in slavery. And he was going up against a pagan religion — the religion of Druidism — a pagan religion that saw spirits in nature, a respect for trees and certainly plants, and had its own customs and rituals, high priests, wizards, and very many problems morally.",named_source,
C01_icons_of_the_trinity,00:01:42,"[00:01:42] Fr. Peter: And the biggest problem is they didn't believe in God and needed to be converted. St. Patrick ached to be able to help convert this land, and he came in, and having known the language, he was able to preach to the people of Ireland — many miracles attested to the power of God with him. And when he preached, he did not shy away from the central mystery of our faith, and that is the Trinity. We have the prayer of St. Patrick, St. Patrick's Breastplate, of which we began this conference. And we also have the story of the shamrock, how the shamrock was used to illustrate to a people that may be caught up with botanical language how something can be both one and three, that it can share the same life, be connected in the same way, but yet be distinct at the same time. How could God be three persons and one God?",named_source,
C01_icons_of_the_trinity,00:02:33,"[00:02:33] Fr. Peter: It's maybe more understandable to think of a pure monotheistic religion — which we do have, a pure monotheistic religion. We really do. But to say there's one God, one person, one God — and if you were Jewish [possibly: pagan] and you believed in many gods, that would be hard enough to accept. But to say you believe in one God who is three persons — that is a very difficult thing. St. Patrick led with this because it is what our Lord told us to lead with. ""All power in heaven and on earth has been given to me."" So St. Patrick did not shy from holding up a shamrock and saying, ""Three and one,"" and to give them something to grip onto in their minds, to have an image around which could later be corrected, modified, where they could enter into a theological understanding of the mystery at hand — but to give them something to begin with. It was so crucial for evangelization for the people of Ireland, at which St. Patrick was incredibly successful.",quote,
C01_icons_of_the_trinity,00:02:33,"[00:02:33] Fr. Peter: It's maybe more understandable to think of a pure monotheistic religion — which we do have, a pure monotheistic religion. We really do. But to say there's one God, one person, one God — and if you were Jewish [possibly: pagan] and you believed in many gods, that would be hard enough to accept. But to say you believe in one God who is three persons — that is a very difficult thing. St. Patrick led with this because it is what our Lord told us to lead with. ""All power in heaven and on earth has been given to me."" So St. Patrick did not shy from holding up a shamrock and saying, ""Three and one,"" and to give them something to grip onto in their minds, to have an image around which could later be corrected, modified, where they could enter into a theological understanding of the mystery at hand — but to give them something to begin with. It was so crucial for evangelization for the people of Ireland, at which St. Patrick was incredibly successful.",named_source,
C01_icons_of_the_trinity,00:05:03,"[00:05:03] Fr. Peter: It recounts the story from Genesis 18. In Genesis 18, there are three visitors sent from God, three angels, that showed up to Abraham and Sarah's tent. Abraham and Sarah quickly, out of an abundance of hospitality, prepared food for their guests, who sat with them and ate. They were near the Oak of Mamre, and there they fed. And it was there that the angels, the three messengers of God, communicated to Abraham that Sarah was to conceive in her old age. And that's where eventually Isaac would be born.",scripture_ref,
C01_icons_of_the_trinity,00:05:46,"[00:05:46] Fr. Peter: And the scene of these three angels, in retrospect, we would look back and say they are a sort of representation of the Trinity. This is a very normal thing for us to do, having been given the revelation that God is both one and three, through Christ, the incarnate Word, and the sending forth of the Holy Spirit. We now know that God has a triune nature. And we can look back in the Old Testament, where this mystery was still hidden, and see resonances of God's Trinitarian nature. And so we might say the first chapter of Genesis, when God says, ""Let us create man in our own image and likeness."" We who now know of God as one and three, we think that the ""us,"" the plural, refers to the Trinity. And we are not wrong. Originally, it referred to the angels, the choirs of angels — ""Let us create,"" God would speak to them. But for us, we can retroactively understand that in its fullest sense, God creates from the Trinity. Likewise, when three angels show up to Abraham and Sarah, we can say this is an Old Testament representation of the Trinity.",quote,
C01_icons_of_the_trinity,00:12:40,"[00:12:40] Fr. Peter: On the left, obviously, would have to be the Father. Now, his outer garment, it's hard to identify. In this picture, it looks pinkish, purplish, with some blue hints to it. It's original — when it was originally written, the colors were meant to be hard to identify, sort of ephemeral and beyond our ability to really name. And this represents the Father. And behind him is a house. Now, the house of Abraham and Sarah, sure. Sure, but also we recall our Lord's words in John 14, ""In my Father's house there are many rooms."" Or we can go back to Luke 2, ""Do you not know I must be about my Father's business and my Father's house,"" that is, the temple. The temple in Jerusalem being the house of the Father, especially for Christ, the second person of the Holy Trinity incarnate. So there's the Father's house there, symbolized by the house of Abraham and Sarah.",quote,
C01_icons_of_the_trinity,00:12:40,"[00:12:40] Fr. Peter: On the left, obviously, would have to be the Father. Now, his outer garment, it's hard to identify. In this picture, it looks pinkish, purplish, with some blue hints to it. It's original — when it was originally written, the colors were meant to be hard to identify, sort of ephemeral and beyond our ability to really name. And this represents the Father. And behind him is a house. Now, the house of Abraham and Sarah, sure. Sure, but also we recall our Lord's words in John 14, ""In my Father's house there are many rooms."" Or we can go back to Luke 2, ""Do you not know I must be about my Father's business and my Father's house,"" that is, the temple. The temple in Jerusalem being the house of the Father, especially for Christ, the second person of the Holy Trinity incarnate. So there's the Father's house there, symbolized by the house of Abraham and Sarah.",scripture_ref,
C01_icons_of_the_trinity,00:15:56,"[00:15:56] Fr. Peter: And this is the part of the table where all three persons of the Trinity are not occupying, and we, as the viewer, are now part of this icon. We are meant, in some ways, to be invited into this feast, to share in the hospitality of Father, Son, and Holy Spirit. And how do we do so? And it's very poignant: the way in which we share in that hospitality is through martyrdom, through the witness of our lives. ""Unless a seed fall to the ground and dies, it remains but a seed. But if it dies, it produces much fruit."" Our insertion into the Holy Trinity through Christ is through a sharing in his sufferings and his death on the cross.",quote,
C01_icons_of_the_trinity,00:17:04,"[00:17:04] Fr. Peter: But there's one more important image of the Trinity I want to draw attention to. And that's not the shamrock, and that's not the icon of Andrei Rublev. And that's the icon of the sign of the cross. Catholics, we are very used to beginning prayer and ending prayer, bulk [possibly: both] ending it with the sign of the cross. The sign of the cross consists of words: ""In the name of the Father and of the Son and of the Holy Spirit. Amen."" Those words are first uttered over us — water poured three times over our heads — when we are baptized. Our baptism is that insertion into the Trinity where we share in the life of God. The Holy Trinity has a dwelling within us, and those words are important. Each one of them is important. ""In the name of"" — in the name, not names, although we name Father, Son, and Holy Spirit separately — to say they have one name, it emphasizes the unity of Father, Son, and Holy Spirit and their equality in the Trinity.",quote,
C01_icons_of_the_trinity,00:18:10,"[00:18:10] Fr. Peter: And of course, this is not just something we made up. It is Christ's words himself, baptizing them — he says, ""In the name of the Father and of the Son and of the Holy Spirit."" This is from our Lord in Matthew 28, his final words in Matthew's gospel before he ascends to heaven. These words matter. Every word matters — even the ""and"" of thus [possibly: these]. And it's good for us, when we pray, to pray with a reverence that we might say, ""In the name of the Father and of the Son and of the Holy Spirit,"" and not to do the sloppy ""Father, Son, Holy Spirit."" The words matter.",quote,
C01_icons_of_the_trinity,00:18:10,"[00:18:10] Fr. Peter: And of course, this is not just something we made up. It is Christ's words himself, baptizing them — he says, ""In the name of the Father and of the Son and of the Holy Spirit."" This is from our Lord in Matthew 28, his final words in Matthew's gospel before he ascends to heaven. These words matter. Every word matters — even the ""and"" of thus [possibly: these]. And it's good for us, when we pray, to pray with a reverence that we might say, ""In the name of the Father and of the Son and of the Holy Spirit,"" and not to do the sloppy ""Father, Son, Holy Spirit."" The words matter.",scripture_ref,
C01_icons_of_the_trinity,00:18:46,"[00:18:46] Fr. Peter: Not only that, the actions matter. When we lift our hands towards our foreheads, this upward motion of our hands goes along with ""In the name of the Father."" That upward motion is this pilgrimage all of us are making to the embrace of God the Father. We all are ascending. We who have come forth from the Father are now meant to go towards him in our prayer. This is that simple glance directed towards heaven that St. Teresa [possibly: Thérèse] talks about when she says, ""What is prayer but a simple glance directed towards heaven?"" In the name of the Father. And then our hand goes down, passing over our heart, and that downward motion, we say, ""and of the Son."" The downward motion is that of Christ, the second person of the Holy Trinity, descending, going forth from the Father and entering into our humanity. Entering not only into our humanity, but taking all of our sufferings onto himself, all of our misery, all of our sin — the descent of Christ into the depths of human misery, so that all human suffering is taken on him. He undergoes that out of love for us. He binds us to himself so we might be lifted up to the Father. And of the Son — crossing over our hearts in the process.",quote,
C01_icons_of_the_trinity,00:18:46,"[00:18:46] Fr. Peter: Not only that, the actions matter. When we lift our hands towards our foreheads, this upward motion of our hands goes along with ""In the name of the Father."" That upward motion is this pilgrimage all of us are making to the embrace of God the Father. We all are ascending. We who have come forth from the Father are now meant to go towards him in our prayer. This is that simple glance directed towards heaven that St. Teresa [possibly: Thérèse] talks about when she says, ""What is prayer but a simple glance directed towards heaven?"" In the name of the Father. And then our hand goes down, passing over our heart, and that downward motion, we say, ""and of the Son."" The downward motion is that of Christ, the second person of the Holy Trinity, descending, going forth from the Father and entering into our humanity. Entering not only into our humanity, but taking all of our sufferings onto himself, all of our misery, all of our sin — the descent of Christ into the depths of human misery, so that all human suffering is taken on him. He undergoes that out of love for us. He binds us to himself so we might be lifted up to the Father. And of the Son — crossing over our hearts in the process.",named_source,
C01_icons_of_the_trinity,00:20:16,"[00:20:16] Fr. Peter: And then we go to ""and of the Holy Spirit,"" going from left to right. In the Western tradition, it's left to right. In the Coptic tradition, it's left to right. In the Eastern tradition, it's right to left. And there are reasons why it's done differently. But the emphasis there is this Holy Spirit that is now among us. This is the Holy Spirit that has been sent among us. Pour it out for the forgiveness of sins. This scent [possibly: descent] of the Holy Spirit is now with us. We are living in the age of the Holy Spirit among us, and we cross over, going from shoulder to shoulder — we cross over our heart.",quote,
C01_icons_of_the_trinity,00:20:55,"[00:20:55] Fr. Peter: The last word of the sign of the cross is no less important. Amen. Amen is a Hebrew word. It is actually derived from another Hebrew word, aman. Aman means tent peg. We think of ""amen,"" we're like, ""What does amen mean?"" ""Oh, it means I believe. It means I'm committing to this."" And it does mean that. But it's derived from this Hebrew word for tent peg. And you think about, especially, the sojourners — you guys are not audibly groaning. We're at 21 minutes and I'm sorry. But you're permitted to groan. That the Israelites in the deserts, in the wilderness, traveling with Moses, they'd set up their tents again and again, as they would have to move on occasion. They would stake their tents so that they would not blow away. It would keep them safe. It would be tied down; you would need to have a peg that would go into the ground. And that tent peg, aman, became associated now with our prayer. When we say ""Amen,"" we are saying, ""I am staking my life on this. I'm driving this into the ground. It will not be moved. This is my stability. I am grounded in this truth. You will not move me. No storms can disturb me, because I am putting — this is my stability, my surety. You cannot take this from me.""",quote,
C01_icons_of_the_trinity,00:22:18,"[00:22:18] Fr. Peter: And we think of, maybe even, Jael killing Sisera in the tent, using a tent peg to conquer one's enemies. We might think in the New Testament of those sharp tent pegs, those nails that went through our Lord's hands, for them, for our salvation. This ""amen"" is no less important than the other words we pray, because this is the most central mystery of our faith, especially when we pray ""Amen"" in regards to the sign of the cross.",quote,
C01_icons_of_the_trinity,00:22:52,"[00:22:52] Fr. Peter: And let's not forget the central image, the central icon of the sign of the cross. Who are we crossing? Ourselves. We are images of God, Father, Son, and Holy Spirit. We are made in his image and likeness. We have the Trinity in us, inscribed in our very natures, and we have the Trinity in us through baptism. We are temples of the Holy Spirit, intimacy with Christ, the inner room from which we pray to the Father in secret. We are all of these things. And the relationality within the Trinity, the love of Father, Son, and Holy Spirit — we are made for relationship. We are made to pour ourselves out and to receive, to give, and to receive, to reciprocate. We are inscribed in our very natures, so that when God looked in creation all the other days, he said, ""It is good.""",quote,
C01_icons_of_the_trinity,00:23:47,"[00:23:47] Fr. Peter: We [possibly: He] looked upon us created in his image and likeness, male and female, meant to enshrine that image of the Holy Trinity in their very bodies. He looked at us and said, ""You are very good,"" for we are images of God's triune love. What that means, how that is lived out, how this changes not just how we approach our faith but everything in our life, we will discuss in the future conferences.",quote,
C02_mystery,00:00:38,"[00:00:38] Fr. Peter: The Trinity is the most central mystery in our faith. It very much matters. It also matters what we mean by the word mystery. We think of the Trinity as something that we can't possibly understand. It confounds us. And I am sure that many of you have heard homilies on Trinity Sunday — the one Sunday a year where priests feel compelled to at least mention the Trinity, the central mystery of our faith — that we can't possibly speak too much about the Trinity, because if we do, we might fall into heresy. If you talk for longer than 10 minutes, you will likely say something wrong. And there are many Trinitarian heresies. We look over the history of Christianity, especially in the early years, and — as Pope Benedict says, as Joseph Ratzinger in Introduction to Christianity — we see a graveyard of heresies. We want out of that graveyard.",named_source,
C02_mystery,00:05:40,"[00:05:40] Fr. Peter: I referred to St. John Henry Newman yesterday, that each of us is an infinite abyss of existence. That is to say, each of us is a mystery, so knowable that it overwhelms anyone's ability to know. We are even a mystery unto ourselves. When we fully know ourselves, it overwhelms us. But to treat another person as a problem, to use them as part of an equation, is to dismiss them at their very core. This was the solution — I say that in quotes — to the, quote, Jewish problem in 1930s and 40s Germany: to treat a whole section of society, a whole accumulation of mysteries of persons, as problems — problems to be solved. And when you're dealing with persons, the solution is death.",named_source,
C02_mystery,00:07:54,"[00:07:54] Fr. Peter: But to approach something as a mystery, we recognize that it is so knowable that it overwhelms us, and we are enveloped in it. The two aspects — mystery is first, so knowable it overwhelms us, and second, it necessarily involves us. We are implicated in it. We use the word ""implicated"" to talk about being implicated in a crime. I buy a bike from a friend at a really good deal and recognize that the friend stole the bike from someone else. I'm implicated in that crime. I'm involved in it. I'm not separate from it. I can't be detached from it as a mere external observer.",quote,
C02_mystery,00:08:27,"[00:08:27] Fr. Peter: I'll tell a story to illustrate this point about mystery involving the self. Several years ago, my sister's family was coming back from eastern Pennsylvania to visit my brother-in-law's family, and so I talked to my niece Elizabeth, who was five years old at that time. I just asked her, ""Elizabeth, how was your trip?"" She said to me, ""Uncle PJ"" — because she calls me Uncle PJ — ""Uncle PJ, guess what? When we go in the car and we drive, the moon follows us.""",quote,
C02_mystery,00:10:32,"[00:10:32] Fr. Peter: So quickly, I said to Elizabeth, ""Elizabeth, that's not true. The moon doesn't follow you. It's so far away. It looks like it's following you."" And she interrupted me. ""No, Uncle PJ. Jake [possibly: 'kay], it really follows me."" Elizabeth was right, in a sense. She approached the moon as a mystery. And its own movements were not separate from hers. She was involved in it. For me, the moon was a problem. It could be analyzed. We could measure it. I could explain the different things about it. I could talk about why it looks like it has different shapes — that's due to the phases. Why we only see one side of it, even though it is a sphere — because it is tidally locked to the Earth. I would love to be able to explain all these things — to talk about how those shapes you see on its surface are actually impact craters from asteroids and meteors and other space debris, that the moon actually acts as a cosmic vacuum cleaner protecting the Earth. Oh, there's so many things you could talk about with the moon that are interesting in its own way.",quote,
C02_mystery,00:12:59,"[00:12:59] Fr. Peter: We remember the dream of St. Augustine, walking along a beach and finding a boy, digging a hole, taking a pail and going to the ocean and dumping ocean water into that hole on the seashore. ""What are you doing, boy?"" ""I'm pouring the ocean into this hole."" ""Well, you can't do that. The ocean will not fit. As much as you might try, it will not go into that. All the water you pour in will just seep into the sand and return to the ocean."" And that is also the case, the boy says, when you try to understand God as one in three.",quote,
C02_mystery,00:12:59,"[00:12:59] Fr. Peter: We remember the dream of St. Augustine, walking along a beach and finding a boy, digging a hole, taking a pail and going to the ocean and dumping ocean water into that hole on the seashore. ""What are you doing, boy?"" ""I'm pouring the ocean into this hole."" ""Well, you can't do that. The ocean will not fit. As much as you might try, it will not go into that. All the water you pour in will just seep into the sand and return to the ocean."" And that is also the case, the boy says, when you try to understand God as one in three.",named_source,
C03_gift_and_liturgy,00:00:04,"[00:00:04] Fr. Peter: As a deer longs for flowing streams to my soul for you, O God, my soul thirsts for God, the living God. When shall I come and behold the face of God? My tears have been my food day and night, while men say to me continually, ""Where is your God?"" These things I remember as I pour out my soul, how I went with the throng and led them in procession to the house of God, with glad shouts and songs of thanksgiving, a multitude keeping festival. Why are you cast down, O my soul, and why are you disquieted within me? Hope in God, for I shall again praise him, my Savior and my God. My soul is cast down within me, therefore I remember you from the land of Jordan and of Hermon, from Mount Mizar. Deep calls to deep at the thunder of your cataracts. All your waves and your billows have gone over me. Amen. In the name of the Father, and of the Son, and of the Holy Spirit. Amen.",quote,
C03_gift_and_liturgy,00:01:11,"[00:01:11] Fr. Peter: Understanding God as mystery, and that he is one God, one divine nature, and three divine persons, and we see that everything that God does is mysterious. There is a way in which we are implicated in it. It is well beyond our ability to understand. It overwhelms us, and we are enveloped in it. We can think of creation itself as mysterious, approaching it as a mystery, for we ourselves are created. The uncreating [possibly: uncreated] love created love out of his creativity, according to Bill Daniels, I think, and according to Joseph Ratzinger. God's love spilled out. He was infinitely perfect within himself. There was no need, in one sense, to create. For God was love within three persons, a communion of love — not some lonely figure off in another world unto himself, but fully loving. God pouring himself out, Father to Son, Son to Father, that love being the Holy Spirit. This Trinity is a Trinity of love. And that love made the sun and the stars. And that love made us.",named_source,
C03_gift_and_liturgy,00:05:39,"[00:05:39] Fr. Peter: He was looking for humanity to respond. He wanted Adam and Eve to respond, for they were made capable of that, in God's image and likeness. Adam and Eve turned in on themselves. They grasped after what was going to be given to them as a gift in due time. They made it their possession. Eve reached out, grasped that fruit. She said, ""Mine."" When she said ""Mine,"" she cut herself off from communion with God and with Adam. And Adam shared in that fall, and thus cut off, humanity waited to be united. All the liturgies of the Old Testament, all the rituals and sacrifices, all the prayers and the psalms, everything pointed to a time when that would be satisfied, when we could make that full response. And it wasn't until grace entered into creation again, preveniently, in the soul of the Blessed Virgin Mary at the moment of her conception, that God could find within humanity a way to respond.",quote,
C03_gift_and_liturgy,00:06:46,"[00:06:46] Fr. Peter: God created. He used the passive tense. ""Let us create,"" he says. ""Let there be light."" Fiat lux, he creates. And there was light. ""Let there be dry land."" And there it was, dry land. And God creates one [possibly: no one] in creation to give some kind of echo of response. And it wasn't until the Blessed Virgin Mary, as a young woman, responded to God's will: ""Let it be done to me according to thy word."" God said — Mary said — and the Word became flesh and dwelt among us.",quote,
C03_gift_and_liturgy,00:07:37,"[00:07:37] Fr. Peter: And Jesus, when he teaches us how to pray, he says, ""When you pray, pray this way: Our Father, who art in heaven, hallowed be thy name. Thy kingdom come, thy will be done — fiat voluntas tua — thy will be done on earth as it is in heaven."" When we pray that ""our Father,"" recognizing we pray that with confidence, within and through Christ, who is our insertion into the Holy Trinity, we are echoing God's creation. We are giving that full response in our totality back to God.",quote,
C03_gift_and_liturgy,00:08:24,"[00:08:24] Fr. Peter: Liturgy, as one author said, David Fagerberg — he said, ""The liturgy is doing the world the way the world was meant to be done."" We have all these things that are not God, but they show something of God. They are teeming with his life, with his existence. And the whole world aches to give this response. Liturgy is this response. Liturgy is, in effect, a response to a question that we could have ourselves. I might say, why this chair? For sitting. Why food? For eating. Why something rather than nothing? Liturgy.",quote,
C03_gift_and_liturgy,00:09:16,"[00:09:16] Fr. Peter: When we come together and we pray in union with Christ, as members of his mystical body, his bride, at [possibly: the] Church, we are making that response. Our response is not lessened because we are part of a whole. We ourselves are wholes within that we make this full response, for we are at [possibly: as] the Church, collectively and individually. We are a spouse to Christ, and we make this prayer to God our Father. We are given the Holy Spirit, who teaches us how to pray, ""Abba, Father."" Liturgy is how we live now as Catholics.",quote,
C03_gift_and_liturgy,00:09:55,"[00:09:55] Fr. Peter: Understanding this liturgy, we have within the Church's liturgy the seven sacraments, the first of which is baptism. Baptism is the sacrament — the mystery itself — by which we are incorporated into Christ, in which we are made beloved sons through Christ, the eternal Son of the Father. He who was adopted into our human nature — and adopted by St. Joseph as his father — we receive adoption as sons through him. We are truly then sons, more by grace than we are sons of our biological fathers by nature. We are inserted into the Trinity. God's life is poured over us. When that water hits our head three times, in the name of the Father and of the Son and of the Holy Spirit, what is enacted through material means is done immaterially, and grace is given.",named_source,
C03_gift_and_liturgy,00:10:56,"[00:10:56] Fr. Peter: We are washed clean, original sin being wiped away. We are restored, and we are elevated. Made in the image and likeness of God, but that image marred by original sin, it is now made perfect, and ready for that perfection which Christ invites us to. Baptism is our entrance into divine life. We use the word ""grace"" — in this case, sanctifying grace — to mean the life of the Blessed Trinity within us. And baptism opens us up to the other sacraments as well: confirmation — we are sealed with the gift of the Holy Spirit — and the Holy Eucharist — we are fed with the bread of eternal life. We have the sacraments of vocation — of marriage, of priesthood — and the sacraments of healing — of confession, and anointing of the sick. In all of these sacraments, there is involved a pouring out of God, usually through material means of some kind. Even confession, which has no physical symbol, still has the raising of the hand, but also the material of our own guilt and our shame and our repentance, given over to God and then transformed by his mercy.",quote,
C03_gift_and_liturgy,00:12:47,"[00:12:47] Fr. Peter: Luigi Giussani, one of the great religious thinkers and reformers of the 20th century, said, ""Everything is positive."" Everything is positive. Everything is good. And if it does not exist, it is not good. Sin is nothingness. Christ said, ""Without me you can do nothing."" And when we sin, we do nothing. But everything — everything that shares in God — shares in his goodness. There's nothing that is purely evil. Not even Satan himself is pure evil, for even by his existence, he shares something in God. And everything of our own lives, everything we encounter, is teeming with that life, is teeming with that mystery, is teeming with that gift underneath it.",quote,
C03_gift_and_liturgy,00:13:40,"[00:13:40] Fr. Peter: St. Thérèse said at the end of her life, before she was about to expire from tuberculosis — a very painful, terrible disease — ""Everything is grace."" God's life is in everything. It is brimming with mystery. For this reason, St. Augustine could see the Trinity in everything, or St. Elizabeth of the Trinity could not help but talk about Trinity in everything she would see — for the relations between objects and persons, between person and person, everything communicated something of the Trinity. In the next talk, we will talk about how relationships image the Trinity. But everything is gift.",quote,
C03_gift_and_liturgy,00:13:40,"[00:13:40] Fr. Peter: St. Thérèse said at the end of her life, before she was about to expire from tuberculosis — a very painful, terrible disease — ""Everything is grace."" God's life is in everything. It is brimming with mystery. For this reason, St. Augustine could see the Trinity in everything, or St. Elizabeth of the Trinity could not help but talk about Trinity in everything she would see — for the relations between objects and persons, between person and person, everything communicated something of the Trinity. In the next talk, we will talk about how relationships image the Trinity. But everything is gift.",named_source,
C03_gift_and_liturgy,00:14:51,"[00:14:51] Fr. Peter: Max Weber, a German philosopher of the 19th century, said, ""This [possibly: It] is an enchanted world."" Not that it's magic in the sense of the occult, but it is magical and enchanted, because the material world is brimming with the invisible. We need to recover this. We need to have the sacramental vision by which we see all things. And when we do that, we will want to respond.",quote,
C03_gift_and_liturgy,00:21:03,"[00:21:03] Fr. Peter: We are made for this infinity. We who are infinite abysses of existence, we are made, and we cry out. And we pour ourselves out. In Greek, the word is kenosis — to pour out. St. Thérèse says, prayer [possibly: love] is to be poured out into another. Going back to the words of Psalm 42, deep calls unto deep. From the abyss of our hearts, we call out to the abyss of the Holy Trinity. All your torrents and all your waves washed over me. This is utterly catastrophic in this world. To be under a waterfall would result in a lot of death, especially in torrential waterfalls. We would drown. But in the life of the Trinity, we are meant to be washed over, continually swept up — God's pouring out of himself and his triune grace. And we say, let this happen. Let deep call out unto deep. Let me make this prayer of hope.",scripture_ref,
C03_gift_and_liturgy,00:21:03,"[00:21:03] Fr. Peter: We are made for this infinity. We who are infinite abysses of existence, we are made, and we cry out. And we pour ourselves out. In Greek, the word is kenosis — to pour out. St. Thérèse says, prayer [possibly: love] is to be poured out into another. Going back to the words of Psalm 42, deep calls unto deep. From the abyss of our hearts, we call out to the abyss of the Holy Trinity. All your torrents and all your waves washed over me. This is utterly catastrophic in this world. To be under a waterfall would result in a lot of death, especially in torrential waterfalls. We would drown. But in the life of the Trinity, we are meant to be washed over, continually swept up — God's pouring out of himself and his triune grace. And we say, let this happen. Let deep call out unto deep. Let me make this prayer of hope.",named_source,
C03_gift_and_liturgy,00:22:56,"[00:22:56] Fr. Peter: This is how we live the Trinitarian life in all aspects — not segmenting it out in some part that we call our faith life. We live our life — our life is inherently Trinitarian, and our life is Trinitarian through the shape of the cross that is traced over us again and again. Living this mystery means living utterly differently, and it needs to be expressed. And what I recommend to do — this is to live this life of thanksgiving, to be thankful before God at all times, in all places. Saint Paul says, ""Give thanks.""",quote,
C03_gift_and_liturgy,00:22:56,"[00:22:56] Fr. Peter: This is how we live the Trinitarian life in all aspects — not segmenting it out in some part that we call our faith life. We live our life — our life is inherently Trinitarian, and our life is Trinitarian through the shape of the cross that is traced over us again and again. Living this mystery means living utterly differently, and it needs to be expressed. And what I recommend to do — this is to live this life of thanksgiving, to be thankful before God at all times, in all places. Saint Paul says, ""Give thanks.""",named_source,
C04_relationship,00:02:16,"[00:02:16] Fr. Peter: St. Thomas Aquinas would quote Aristotle, who said, ""Knowledge begins with the senses"" — things we can touch and feel. And from that we derive things we can measure, things we experience on the superficial level, although as if it was apart from ourselves, as we are not implicated in it.",quote,
C04_relationship,00:02:16,"[00:02:16] Fr. Peter: St. Thomas Aquinas would quote Aristotle, who said, ""Knowledge begins with the senses"" — things we can touch and feel. And from that we derive things we can measure, things we experience on the superficial level, although as if it was apart from ourselves, as we are not implicated in it.",named_source,
C04_relationship,00:04:02,"[00:04:02] Fr. Peter: Someone who goes through a mystical experience, I'm told, is not able to communicate what happened in that experience. St. Paul sort of sheepishly talks about how he knew a man who was lifted up into the ninth [possibly: third] heaven, whatever, some level of heaven. And he said, I don't know which, I don't know. And he can't really tell much about it, because it's hard to tell. What you know in that way can't be easily explained.",named_source,
C04_relationship,00:04:30,"[00:04:30] Fr. Peter: This kind of knowledge, St. Thomas Aquinas calls this connatural knowledge. His example that he uses to explain how this knowledge works is that of the virtue of chastity. You can understand chastity by observing it and putting it down to its separate parts, understanding how the intellect and the will work together with the passions or against the passions in order to experience and to give and to receive chaste love in the appropriate context. We can study theology of the body. We can understand these things in all their various ways, and we can understand this virtue well. But someone who lives chastity starts to become like it through their living of it. And they might not decipher it and divide it down into its different parts, but someone who understands chastity from the inside has a knowledge that exceeds that of those that study from the outside.",named_source,
C04_relationship,00:05:31,"[00:05:31] Fr. Peter: This is called connatural knowledge by St. Thomas Aquinas, because it is knowledge that has become second nature. Virtues become part of us. All knowledge is through a likeness. If I know something, when I divide into parts and understand the different concepts that go into a field of study, those concepts remain in me. There's a likeness imprinted into my intellect. But when we become like something, we bypass the knowledge that comes to us through concepts. And instead, we have that likeness imprinted directly on us, on our person. And that allows us to know and understand on a level wholly different. And it's to know and understand with our totality something in its totality.",named_source,
C04_relationship,00:07:09,"[00:07:09] Fr. Peter: St. Paul says in his letter to the Romans, ""Do not be conformed to this age, but be transformed by the renewal of your mind."" The way in which our minds are renewed is how we come into a unitive awareness, a contemplation of — and most especially — relationship.",quote,
C04_relationship,00:07:09,"[00:07:09] Fr. Peter: St. Paul says in his letter to the Romans, ""Do not be conformed to this age, but be transformed by the renewal of your mind."" The way in which our minds are renewed is how we come into a unitive awareness, a contemplation of — and most especially — relationship.",named_source,
C04_relationship,00:07:36,"[00:07:36] Fr. Peter: Christ says, ""Where two or three are gathered in my name, there I am in the midst of them."" Christ comes in the midst of us. He comes between us — not to separate, for we often use the phrase ""between us"" as something that's showing an obstacle, but to actually connect us.",quote,
C04_relationship,00:08:30,"[00:08:30] Fr. Peter: Martin Buber was a Jewish philosopher of the 20th century. His great work is called I and Thou. It was written in German, and using thou, which is like the more, you know, the older form of you, was emphasized in the English translation to stress not just reverence towards the other, but we're really talking about a singular person. When you say ""I and you,"" you could be plural. He wants to say it between a first person singular pronoun and a second person singular pronoun. I and thou.",quote,
C04_relationship,00:09:57,"[00:09:57] Fr. Peter: I recall Pope Benedict's inaugural homily when he was made Pope in 2005. [unclear 00:10:04–00:10:35] He said, ""of our friendship with him."" We are able to really engage in friendship because God has loved us first. He has poured himself out for us when we were not deserving. It is pure gift. And because God has poured himself out, we are able to love each other.",quote,
C04_relationship,00:09:57,"[00:09:57] Fr. Peter: I recall Pope Benedict's inaugural homily when he was made Pope in 2005. [unclear 00:10:04–00:10:35] He said, ""of our friendship with him."" We are able to really engage in friendship because God has loved us first. He has poured himself out for us when we were not deserving. It is pure gift. And because God has poured himself out, we are able to love each other.",named_source,
C04_relationship,00:11:30,"[00:11:30] Fr. Peter: We are meant to approach, then, the Trinity under and through these relationships that we have. Motherhood, fatherhood, sonship, even co-workers and others, all these things now have something in common with God, Father, Son, and Holy Spirit. St. Augustine was not wrong to see the Trinity reflected in all aspects of reality, but most especially in us, who are individually and collectively images of God, Father, Son, and Holy Spirit.",named_source,
C04_relationship,00:12:01,"[00:12:01] Fr. Peter: In this way, we do not merely understand the Trinity. We don't just reduce it to a notion. We don't just divide it up. We do — under the aspect of theology. We do have notions of the Trinity. We understand it. We can talk about the theological underpinnings of it, and you can read the Catechism, which actually does a great job doing an overview of a very dense topic. We're not meant to merely understand the Trinity.",named_source,
C05_intimacy,00:02:33,"We recall the story of Moses with the burning bush. Next week you'll hear it as your first reading at Mass, where Moses, wandering in the desert, comes up to Mount Sinai, and he sees there's this bush burning, but not being consumed. He goes to the bush, and the bush calls out to him, asking Moses to ask Pharaoh to let his people go. And Moses is not sure about it, but the burning bush — God, from that burning bush, speaks — and Moses is going to listen. But before he leaves, he says, ""I need to know your name. So when others ask, 'Who sent you?' I can tell them who it was that sent me."" So Moses asks the burning bush — God himself — what is his name? And God, from the burning bush, says, ""I am who am."" Maybe this is God just saying, ""I am who I am. Don't worry about it. Just say, 'I am' sent you."" Perhaps that was the original context, the original meaning. But ""I am who am"" — we can read back into this and say, God is saying, ""I am existence itself. I am being itself."" And from that we get the name of God. It was ""I am.""",quote,
C05_intimacy,00:04:09,"[00:04:09] Fr. Peter: Our Lord reiterates this. He has many ""I am"" statements, especially within the Gospel of John. ""I am the gate. I am the vine. I am the way, the truth, and the life."" It was on purpose that our Lord said ""I am,"" because this harkens back to the name of God.",quote,
C05_intimacy,00:05:39,"We have goodness, and we also share in God, especially through the gift of his grace. We are made in his image and likeness, so we have a higher share than other things. Protestants would say, ""Well, maybe there's a hierarchy of being. You have inanimate objects, rocks, and then you've got trees and other kinds of plants, and then animals — and higher kinds of animals — and then human beings. And then above human beings, you put angels, of course, and then God. God's the highest kind of being."" But we say, no, God is being itself, and everything else shares in his being. And that's why we call it the analogy of being, because everything that has being harkens back to God, who is being. ""I am who am.""",quote,
C05_intimacy,00:07:14,"[00:07:14] Fr. Peter: Joseph Ratzinger, in Introduction to Christianity, he made an interesting claim. We're familiar maybe with what we call the transcendentals. Truth, beauty, goodness, unity. To those four transcendentals. Transcendentals are something that is in God. It's a characteristic of being that God has in himself and that everything else shares in, in some way. Joseph Ratzinger said, ""Well, maybe there's a fifth transcendental, a fifth characteristic that, because we know it's in God, it also belongs to all being. What is that fifth transcendental, that characteristic that is in God?"" Well, we know of it only because God has revealed himself in his inner life of the Trinity. That fifth characteristic is relationality. All beings are relational.",quote,
C05_intimacy,00:07:14,"[00:07:14] Fr. Peter: Joseph Ratzinger, in Introduction to Christianity, he made an interesting claim. We're familiar maybe with what we call the transcendentals. Truth, beauty, goodness, unity. To those four transcendentals. Transcendentals are something that is in God. It's a characteristic of being that God has in himself and that everything else shares in, in some way. Joseph Ratzinger said, ""Well, maybe there's a fifth transcendental, a fifth characteristic that, because we know it's in God, it also belongs to all being. What is that fifth transcendental, that characteristic that is in God?"" Well, we know of it only because God has revealed himself in his inner life of the Trinity. That fifth characteristic is relationality. All beings are relational.",named_source,
C05_intimacy,00:11:13,"God is in us. In him we move. ""We live and move and have our being,"" St. Paul says. This means, because the analogy of being, that we cannot escape God. There is no hiding from God. For Adam and Eve, there was no hiding in the Garden of Eden. For us, there was no hiding. We can't go anywhere to escape him. But also, why would we want to?",quote,
C05_intimacy,00:11:13,"God is in us. In him we move. ""We live and move and have our being,"" St. Paul says. This means, because the analogy of being, that we cannot escape God. There is no hiding from God. For Adam and Eve, there was no hiding in the Garden of Eden. For us, there was no hiding. We can't go anywhere to escape him. But also, why would we want to?",named_source,
C05_intimacy,00:12:02,"[00:12:02] Fr. Peter: St. Augustine says, ""God is closer to us than we are to ourselves."" We are mysteries unto ourselves. We don't know ourselves fully. When we know ourselves and we know God, and we see ourselves as we truly are — the mystery of our worth and our unworthiness — then there is true humility.",quote,
C05_intimacy,00:12:02,"[00:12:02] Fr. Peter: St. Augustine says, ""God is closer to us than we are to ourselves."" We are mysteries unto ourselves. We don't know ourselves fully. When we know ourselves and we know God, and we see ourselves as we truly are — the mystery of our worth and our unworthiness — then there is true humility.",named_source,
C05_intimacy,00:12:39,"[00:12:39] Fr. Peter: Do you know what the word intimacy means and where it comes from? There's a popular idea that intimacy means ""into me seeing."" And that's a helpful thing. It's wrong. It's a false etymology. And it's never meant to be the actual thing that it means, but it's a helpful way to understand into-me-see, intimacy. And we can see how, like, well — Adam knew Eve, and the biblical idea of knowing, and that Eve conceived and brought forth the son. That is an intimacy. From the intimacy of husband and wife, children come about. And so into-me-see: you might see who I really am. You might see me in my vulnerability. You might see my shame. You might see who I truly am. I might be affirmed at the level of my being. And there's a true intimacy when that is mutual, to see into each other. And this is — there's a great truth to this. Into-me-see is a helpful way to understand intimacy. But that's not where we get the word intimacy. It's actually far more simple. In Latin, we have the word ""in,"" and then the word ""interior,"" which means ""more in,"" which we say in English ""interior"" — ""interior."" That's the comparative of the word ""in."" And then the superlative, intimus — intimus — which means ""most in."" From the word intimus, we derive the word intimacy.",quote,
C05_intimacy,00:14:25,"St. John Henry Newman, reflecting on Advent and this idea of waiting for Christ, gave the analogy to explain what he means by waiting or watching — about when you're waiting for a friend to arrive, and all of your thoughts and all your heart is fixed on that friend, and you have everything ready in your house, everything is prepared for his coming, and now you are waiting, and maybe he is delayed. But that doesn't mean you are distracted and go somewhere else. Your whole being is fixed on waiting for the coming of this friend.",named_source,
C05_intimacy,00:15:46,"What would you say to such a friend? ""How the heck did you get in? You are no longer my friend. You violated my privacy. You were gone [possibly: home] when I wasn't. You came when I was gone. That is not okay. Hey, you should wait in your car until I should have gotten back.""",quote,
C05_intimacy,00:15:46,"Or a true friend. If we've been waiting for — we would say to him, ""Welcome. I'm glad you made yourself at home.""",quote,
C05_intimacy,00:17:00,"St. Augustine said that when Christ ascended into heaven, he ascended from the apostles' eyes so they might turn towards their hearts and find him there, because within us, God rests.",named_source,
C05_intimacy,00:18:51,"[00:18:51] Fr. Peter: He is there, always, sustaining us in being. Each one of us is the result of a thought of God, Pope Benedict said. If God ever ceased to think about us, we would not exist. We would have no past, no present, no future. We would be gone. God is always thinking of us. He's always sustaining us in being. He who is being itself is always holding on to us, loving us. And in us, in our souls, in our hearts, he is resting.",named_source,
C05_intimacy,00:18:51,"God is with us. Jesus is Emmanuel. God with us. And we still want to say to him, ""Lord, do you not care that we are perishing?"" Like we'd want to say to the friend who made himself at home, ""Do you not care that I was stressed about many things?""",quote,
C05_intimacy,00:19:33,"[00:19:33] Fr. Peter: We want to be like Martha. ""Lord, I'm anxious and troubled by many things. I'm trying to do all this work, and my sister is there just resting with you. Tell her to help me with the work."" And our Lord says, ""No, Martha, you are anxious and troubled by many things, but one thing is necessary. And Mary has chosen the better part.""",quote,
C05_intimacy,00:21:37,"[00:21:37] Fr. Peter: What does Christ speak to us of the love of God, Father, Son, and Holy Spirit? By entering into our sufferings in a way so obvious to us that we miss it every time we look upon a crucifix — that he who has shouldered our burdens and taken that cross upon himself suffered every one of our sufferings. He cries out, ""Father, into your hands, I commend my spirit."" And he sends forth his spirit. The cross is an image of the Trinity. The cross is the Trinity embracing us.",quote,
C05_intimacy,00:22:29,"[00:22:29] Fr. Peter: One of you, after my first talk, discussing the sign of the cross, said, ""The sign of the cross is a hug from the Holy Trinity."" In this way, God, Father, Son, and Holy Spirit, is closer to us than we are to ourselves. Let him love you. Let him embrace you. Let him hug you. And respond by welcoming him in your hearts and letting that love spread to others.",quote,
C06_evangelization,00:01:18,"[00:01:18] Fr. Peter: In the name of the Father, and of the Son, and of the Holy Spirit. Amen. This last of our conferences circles back to the beginning of where we started, talking about St. Patrick and his evangelization of the people of Ireland. And now we end our conferences on the mystery of the Holy Trinity, once again reflecting on evangelization.",named_source,
C06_evangelization,00:01:37,"[00:01:37] Fr. Peter: It's from the words to evangelize from our Lord before he ascended into heaven, telling his apostles, ""All power in heaven and earth — all authority in heaven and earth has been given over to me. Go, therefore, make disciples of all nations, baptizing them in the name of the Father and of the Son and of the Holy Spirit. Behold, I am with you always, even to the close of the age.""",quote,
C06_evangelization,00:02:18,"[00:02:18] Fr. Peter: This is something that even the Church's canon law, the official laws of the Church, recognizes that all of us, by virtue of our baptism and confirmation, are by nature missionary. We're meant to go out, to evangelize, to spread the gospel.",named_source,
C06_evangelization,00:02:37,"[00:02:37] Fr. Peter: And it's fitting that this prayer that I said in the beginning — it's from St. John Henry Newman, and it was a favorite prayer of Mother Teresa. As she went out and encountered Christ in the poorest of the poor, she lived out Matthew 25. ""How, Lord, when did we see you hungry and give you food, and thirsty and give you drink? When did we see you naked and clothe you, and find you in prison and visit you?"" And our Lord said, ""Amen. Whatever you did for the least of my brothers, you did for me.""",quote,
C06_evangelization,00:02:37,"[00:02:37] Fr. Peter: And it's fitting that this prayer that I said in the beginning — it's from St. John Henry Newman, and it was a favorite prayer of Mother Teresa. As she went out and encountered Christ in the poorest of the poor, she lived out Matthew 25. ""How, Lord, when did we see you hungry and give you food, and thirsty and give you drink? When did we see you naked and clothe you, and find you in prison and visit you?"" And our Lord said, ""Amen. Whatever you did for the least of my brothers, you did for me.""",scripture_ref,
C06_evangelization,00:02:37,"[00:02:37] Fr. Peter: And it's fitting that this prayer that I said in the beginning — it's from St. John Henry Newman, and it was a favorite prayer of Mother Teresa. As she went out and encountered Christ in the poorest of the poor, she lived out Matthew 25. ""How, Lord, when did we see you hungry and give you food, and thirsty and give you drink? When did we see you naked and clothe you, and find you in prison and visit you?"" And our Lord said, ""Amen. Whatever you did for the least of my brothers, you did for me.""",named_source,
C06_evangelization,00:03:13,"[00:03:13] Fr. Peter: St. Paul was taught by his conversion. ""Saul, Saul, why are you persecuting me?"" ""Who are you, Lord, that I may know who I'm persecuting?"" ""I am Jesus, whom you are persecuting."" St. Paul recognized that in those that suffer, that's where Christ is. He is with us in our sufferings. Christ is with us in the poor. He is with us in our poverty.",quote,
C06_evangelization,00:03:13,"[00:03:13] Fr. Peter: St. Paul was taught by his conversion. ""Saul, Saul, why are you persecuting me?"" ""Who are you, Lord, that I may know who I'm persecuting?"" ""I am Jesus, whom you are persecuting."" St. Paul recognized that in those that suffer, that's where Christ is. He is with us in our sufferings. Christ is with us in the poor. He is with us in our poverty.",named_source,
C06_evangelization,00:03:43,"[00:03:43] Fr. Peter: And when Mother Teresa went out to serve the poorest of the poor, she could not help but see Christ in them. But it gives me great edification to know that she loved this prayer of St. John Henry Newman so much that when people hear this prayer, this prayer of ""help me to spread your fragrance everywhere I go,"" they think it's Mother Teresa's because she prayed it so often. But it actually belongs to a rather intellectual saint of the 19th century, an Oratorian priest named John Henry Newman.",quote,
C06_evangelization,00:03:43,"[00:03:43] Fr. Peter: And when Mother Teresa went out to serve the poorest of the poor, she could not help but see Christ in them. But it gives me great edification to know that she loved this prayer of St. John Henry Newman so much that when people hear this prayer, this prayer of ""help me to spread your fragrance everywhere I go,"" they think it's Mother Teresa's because she prayed it so often. But it actually belongs to a rather intellectual saint of the 19th century, an Oratorian priest named John Henry Newman.",named_source,
C06_evangelization,00:06:02,"[00:06:02] Fr. Peter: There's nothing more beautiful, Pope Benedict says, than for us to know Christ, for us to know that we are loved by him, and for us to tell others of our friendship with him. And there goes this chain reaction into the four corners of the world, this totality of our witness, of our own martyrdom, of giving ourselves so fully over to Christ that we become him, and we become his extension into this world. And then others received also into that gift of the Trinity. This is a gift never meant to be extinguished within us.",named_source,
C06_evangelization,00:06:41,"[00:06:41] Fr. Peter: Who, having a light, puts it under a basket? No, you put on a lampstand to shine out. ""You are the light of the world,"" Christ says. He also says, ""I am the light of the world."" Both of these are true, for we are the light of the world because we are other Christ. We shine out with the same light so others might only see him. And from that, that light is spread.",quote,
C06_evangelization,00:07:11,"[00:07:11] Fr. Peter: The mission of evangelization — we remember how St. Ignatius of Loyola would say to his missionaries, the Jesuits of the 16th century, as they were being sent out into the four corners of the world to spread the gospel to people who have never heard it before: ""Go, set the world on fire."" We burn with that love, that catching force of the sympathetic influence, that others might see Christ in us and be influenced by it. They might be set afire of that same love.",quote,
C06_evangelization,00:07:11,"[00:07:11] Fr. Peter: The mission of evangelization — we remember how St. Ignatius of Loyola would say to his missionaries, the Jesuits of the 16th century, as they were being sent out into the four corners of the world to spread the gospel to people who have never heard it before: ""Go, set the world on fire."" We burn with that love, that catching force of the sympathetic influence, that others might see Christ in us and be influenced by it. They might be set afire of that same love.",named_source,
C06_evangelization,00:07:46,"[00:07:46] Fr. Peter: The way we evangelize the love of the Trinity is the same way we evangelize — the same way the light is spread at the Easter Vigil, the mother of all liturgies: the priest blessing the fire, the sacred fire. That same fire that St. Patrick had blessed in the 400s that could not be extinguished by any attempts of the Druid pagans. That fire kept burning and burned brightly as a witness against the pagans, but more importantly, a witness of God's love. And that fire was meant to go forth and to spread.",named_source,
C06_evangelization,00:08:14,"[00:08:14] Fr. Peter: At every Easter Vigil, the priest blesses the fire and lights the Paschal candle from that fire, lifting it up and saying, ""Lumen Christi"" — the light of Christ. And from that one flame, there goes forth all the different tapers, all the little candles around the church. That church that was in darkness is now filled with the light. Each of us burying [possibly: carrying] in ourselves the flame of Christ in our hearts, and symbolized it by the candle that we carry. Now it is kept blazing and is meant to not be confined into that church, but to go out from there.",quote,
C06_evangelization,00:08:47,"[00:08:47] Fr. Peter: At the end of every Mass, the priests are [possibly: the priest says] actually more fittingly always the deacon, but sometimes the priest forgets and says the deacon's part. At the end of Mass, it is said: ""Go forth."" In some way or other — ""Go forth, the Mass has ended."" ""Go and announce the gospel of the world"" — on any, whatever variation it is — there is a going forth.",quote,
C06_evangelization,00:09:09,"[00:09:09] Fr. Peter: In the original, in the older Mass, there was just one phrase: ""Go forth, the Mass has ended."" Ite, missa est. ""Ite"" means go. Go out. What happened here is not meant to be confined to here.",quote,
C06_evangelization,00:09:26,"[00:09:26] Fr. Peter: This is a liturgy that is meant to envelop all of creation. It is cosmic in its proportions. Christ comes so that all things might be recapitulated in him, might be united in him — all things. Christ says in the book of Revelation, ""Behold, I make all things new.""",quote,
C06_evangelization,00:09:44,"[00:09:44] Fr. Peter: And what a beautiful scene we have in The Passion of the Christ, in the movie version: how Christ, along the way of the cross, when he meets his mother, and they see eye to eye amid all the chaos of his carrying of the cross, and he says, ""Behold, Mother, I make all things new."" For it is through the cross that Christ makes all things new.",quote,
C06_evangelization,00:10:04,"[00:10:04] Fr. Peter: A liturgy that is meant to go out, to envelop all of creation, and happens through us. ""Go out. The Mass has ended."" Missa est. Well, that's actually a bad translation, or a different translation. ""Missa est"" does not mean ""the Mass has ended."" It means ""it has been sent.""",quote,
C06_evangelization,00:10:24,"[00:10:24] Fr. Peter: What has been sent? Sometimes people translate that — ""Oh, it means be sent. Go, be sent."" No, well, it doesn't quite mean that. It means something has been sent. It happened. The grammar of missa est means something has been sent.",quote,
C06_evangelization,00:12:31,"[00:12:31] Fr. Peter: Nothing to be ashamed of in the Trinity. Nothing to hide away and say, ""I can't understand it, neither can you, but just know that Jesus loves you."" Well, yes, Jesus loves you, but he wants you to be part of him, incorporated into his body, sharing in his very being, and be part of the Holy Trinity with, through, and in him.",quote,
C06_evangelization,00:13:22,"[00:13:22] Fr. Peter: I love how Catholics, because we understand mystery, because we understand that we are created in God's image and likeness and are actually sharing his being by creation — and by redemption, we are given his grace; his inner life is our life as well. We don't merely tell, we show — by the evident force, the catching force of our sympathetic influence, our care for others, because we see Christ in every single person we encounter, that no one is a mere mortal, as C.S. Lewis would say, but everyone, as St. John Henry Newman says, is an infinite abyss of existence.",named_source,
E01_engineering_mystery,00:00:02,"[00:00:02] Fr. Peter: My name is Father Peter Gruber. I'm a priest of the Oratory of St. Philip Neri. I was ordained in 2017. So I've been a priest for almost eight years. At the Oratory, we serve the campus ministry for the University of Pittsburgh, Carnegie Mellon, and Chatham Universities. Of course, the University of Pittsburgh has a very prominent engineering school. You heard from Dr. Sanchez earlier — and I was blessed to know Dr. Sanchez back when he was still just a graduate student, David Sanchez, and I was still just PJ. Not yet even Brother Peter. I was just PJ, because that's what I was called from a young age. So my talk today is going to be on the interior life, and it's structured around the themes of mystery and interiority.",named_source,
E01_engineering_mystery,00:01:45,"[00:01:45] Fr. Peter: Be transformed by the renewal of your mind. ""Do not be conformed to this age, but be transformed by the renewal of your mind."" Romans 12.",quote,
E01_engineering_mystery,00:01:45,"[00:01:45] Fr. Peter: Be transformed by the renewal of your mind. ""Do not be conformed to this age, but be transformed by the renewal of your mind."" Romans 12.",scripture_ref,
E01_engineering_mystery,00:05:08,"[00:05:08] Fr. Peter: There was really only one option for me for college, and that was the University of Pittsburgh. Because why would I waste my time applying somewhere else if I didn't want to go there? I was lazy. Why would I care if some other school wanted to accept me? I only had one place I wanted to go. And Franciscan is very good at admissions, and that's why many of you ended up here. They saw you out and said, ""Why don't you apply? We have an engineering program."" Well, in my day, they said, ""Apply to Franciscan,"" and I said, ""You don't have an engineering program. If you had an engineering program, I would go there. But you don't. So I'm going to go to the University of Pittsburgh. If I was going to be a priest, I'd go to Franciscan."" You see how that worked out?",quote,
E01_engineering_mystery,00:09:06,"[00:09:06] Fr. Peter: And so my sophomore year, I — having taken upon myself by that time a daily rosary, almost daily Mass, almost daily holy hour — I went to my uncle. He was a priest. And I said, ""Hey, Uncle Mark, what do I do? I'm thinking maybe priesthood."" And he said, ""I have an idea for you. You are to — not this summer, but the summer after, Trinity Sunday — that's the Sunday after Pentecost — you need to make a decision. Right now you're broadly discerning, and that makes sense for where you are in life. You're 19 years old, but you need to decide whether you're going to go from discerning to discerning of the priesthood, and that's the time you're going to make that decision.""",quote,
E01_engineering_mystery,00:09:51,"[00:09:51] Fr. Peter: He was telling me this — it was December of 2008 — and he was talking about a year and a half from then. And I said, ""Uncle Mark, you need to hear me out. I've been doing Mass every day, and I want to be there. I've been praying the Rosary. I've been doing the Holy Hours. I actually really desire this. And you're the first person I've told about this desire, because I kept it so hidden. Because if you let someone know about it, you might get hurt."" He said, ""Oh, let's up this a little bit. Not a year and a half from now, but this summer. Come Trinity Sunday, the Sunday after Pentecost, you need to make a decision. Are you going to discern the priesthood, or are you going to just go on discerning? But that's when you're going to make the decision. In the meantime, continue doing what you're doing.""",quote,
E01_engineering_mystery,00:10:41,"[00:10:41] Fr. Peter: That was the advice I was given, and come Trinity Sunday — a very important day, and you can see when we get to the section on mystery why the Trinity matters so much — I made that decision, peacefully. I told my father. He was thrilled. ""Oh, my son? A priest? Oh no — wow, that's amazing. Yes, wow, yes."" And my mom said, ""Oh, but you were such a good engineer."" And so that summer, I dropped out of all my engineering classes, took philosophy classes, switched my major to philosophy, was told I had enough credits that I had an engineering minor in electrical engineering, and would graduate two years later with a degree in philosophy. And I would join the Oratory of the same priest who had influenced me during my undergrad.",quote,
E01_engineering_mystery,00:14:26,"[00:14:26] Fr. Peter: But you can't see it, typically, the sun. But the sun is that by which you see everything else. Mysteries illuminate. They overwhelm. We are involved in them. I'll talk about another celestial body, the moon. Several years ago, I was visiting my sister and her four-year-old daughter, Elizabeth. They had just returned from a trip from Eastern Pennsylvania to visit my niece's grandmother. So I excitedly asked her, ""Elizabeth, how was your trip?"" And she says to me, ""Uncle PJ, guess what? When we go with the car, the moon follows us."" My heart sank. Because — Elizabeth, that's not how it works. You have to understand that the moon is so far away that you will not notice any difference in the angle at which you're seeing the moon, because it's so far away and it's so huge. You think it's closer to you, and as you're driving, it looks like it's following along with you, but it's not.",quote,
E01_engineering_mystery,00:15:58,"[00:15:58] Fr. Peter: In fact, we can even prove this, and I quickly concocted in my mind how we can apply the principle of non-contradiction in some way to this. If you were to put you, Elizabeth, in one car and put your sister, Mary Margaret — very good Catholic names — put them in the other car and drive different directions, you both observe the moon. You'll see that it's following both of you, and that's gotta be impossible. So we have to look for another explanation. Now, parallax is gonna be a little bit too complicated for a four-year-old. So, but I thought maybe this is the time for me, as her uncle, to correct her. She is utterly wrong. The moon does not actually follow you. It's an inanimate object that doesn't care about you. So I said to her, ""Elizabeth, that's not true. It only looks like it's following you."" She interrupts and says, ""No, Uncle PJ, it really follows me."" And then I was like, oh, I was trying to crush her wonder. I was trying to crush her childlikeness. Had the moon any care for little four-year-old Elizabeth? No, no, it doesn't.",quote,
E01_engineering_mystery,00:23:32,"[00:23:32] Fr. Peter: The Trinity is lived, to glorify God, Father, Son, and Holy Spirit, because we are included in that mystery. The proper response to mystery is to enter, to delve deeply, to be embraced by it. This is the fundamentally Christian worldview. We understand mystery. We see that mere matter is not mere matter. The things that we see around us are teeming with the life hidden from us. The visible world — that which we can analyze, calculate, measure — communicates the invisible world. St. John Henry Newman — when he was a child, he said that he thought the invisible world was more real to him than the visible world. That the visible world was like a shroud placed over us. And that the invisible world was where he truly felt at home. The world of God. The world of angels. As a child, we see this more intuitively. And we learn to forget about the invisible world.",named_source,
E01_engineering_mystery,00:24:50,"[00:24:50] Fr. Peter: This takes on another dimension for us as Catholics, because when we take mere matter, it becomes transformed — sacramentally, of course, in the seven sacraments; preeminently in the sacrament of the Holy Eucharist: mere bread and wine transubstantiated into the body and blood, soul and divinity of Christ. That the visible communicates the invisible. The matter communicates the immaterial. And this becomes a vehicle of grace. The life of God, Father, Son, and Holy Spirit — His indwelling — comes to us powerfully through the sacraments. So that when you are baptized, and the waters pour over your head, over the threefold invocation, ""I baptize you in the name of the Father, and of the Son, and of the Holy Spirit,"" what is symbolized by that action happens. You are transformed. You are a beloved daughter, a beloved son, from that moment onwards, of God the Father. You live your whole life now, embraced by God the Father.",quote,
E01_engineering_mystery,00:26:04,"[00:26:04] Fr. Peter: So you can have this confidence as you go on through life that St. Thérèse of Lisieux too had. She said, writing in one of her letters, that even if she were to commit the worst sin, she could throw herself into the arms of God, her Father, and be confident that he would catch her. This means then to live differently, because we live in that mystery of the love of God for us. One way to enter into the mystery is silence. God the Father spoke one word from all eternity — St. John of the Cross says — and that word was his Son, and that word was uttered in silence. And if we are to receive that word, we are to receive it in silence.",named_source,
E01_engineering_mystery,00:27:08,"[00:27:08] Fr. Peter: It's in the silence of the heart that Christ instructs us to go. He says when you pray, do not be like the hypocrites who like to stand on street corners and marketplaces. Rather, when you pray, go into your inner room, close the door, and your Father who hears in secret will reward you. Of course, Christ can be referring to your actual inner room, the place that is cut off from everyone else, but he's also referring to the inner room of your heart. And you go into that place and God the Father hears you. Do you guys know the etymology of the word intimacy? Who's ever heard that ""intimacy"" means ""into me see""? Has anyone heard that before? Okay, that's not true. But it's a nice way to kind of explain it as like a little tool. Okay, ""intimacy means into me see."" You can see into me. Okay, fair enough. That's not bad. But that's not what it is.",quote,
E01_engineering_mystery,00:29:21,"[00:29:21] Fr. Peter: Like St. Augustine, who said he looked for God outside of himself, looking to fill himself up with things of this world. But as everyone [possibly: at last], he looked into his heart, and he found God there. Late have I loved you, Beauty ever ancient, ever new — late have I loved you! You have made us for yourselves, O Lord, and our hearts are restless till they rest in thee. God envelops us with the mystery of his love. His Trinitarian love spills out to us. We are included in that love. He is more intimate. He is closer to me than I am to myself. Every year on the feast day of St. Augustine, if you go on Instagram — which I don't ever recommend — but you will find some Catholic person likes to quote this one thing that St. Augustine apparently said. ""I looked into my deepest wound, and there I saw your glory, and it dazzled me."" God rests in those deepest, darkest places in our hearts — those places we want to forget about, places where I've been hurt, where I feel like I have not received love — God is already there. As much as we invite him in, we try to make him show up, he's already loving us.",quote,
E01_engineering_mystery,00:29:21,"[00:29:21] Fr. Peter: Like St. Augustine, who said he looked for God outside of himself, looking to fill himself up with things of this world. But as everyone [possibly: at last], he looked into his heart, and he found God there. Late have I loved you, Beauty ever ancient, ever new — late have I loved you! You have made us for yourselves, O Lord, and our hearts are restless till they rest in thee. God envelops us with the mystery of his love. His Trinitarian love spills out to us. We are included in that love. He is more intimate. He is closer to me than I am to myself. Every year on the feast day of St. Augustine, if you go on Instagram — which I don't ever recommend — but you will find some Catholic person likes to quote this one thing that St. Augustine apparently said. ""I looked into my deepest wound, and there I saw your glory, and it dazzled me."" God rests in those deepest, darkest places in our hearts — those places we want to forget about, places where I've been hurt, where I feel like I have not received love — God is already there. As much as we invite him in, we try to make him show up, he's already loving us.",named_source,
E01_engineering_mystery,00:30:57,"[00:30:57] Fr. Peter: And this is love — not that we have loved God, St. John says — not that we have proved to God that we loved him, we've gone out of our way and made sure that we loved him first. No, and this is love: not that we have loved God, but that he has loved us and sent his Son as expiation for our sins. God is already loving us. He has taken the initiative. He's not waiting around for us to prove ourselves. Phrasing that part of the engineering worldview is that we've got to work. We've got to have success in order to make any kind of progress. I mean, the problem with school is you've got to get your good grades. You've got to get through this class. You've got to do this project. You go into your work and you've got to do what your boss expects of you. You've got to live up to some standard of performance. And that way you might be rewarded with some kind of raise. That makes sense. That's the basic reward system that we have. It's the worldview that we have of this age — to not be conformed to this age but be transformed by the renewal of your mind. For God has already loved you. You don't have to do anything to prove it. How we live that out, then, is we receive that love, and we respond.",named_source,
E01_engineering_mystery,00:31:57,"[00:31:57] Fr. Peter: Part of living in mystery, part of seeing the world as it truly is — the invisible world underneath everything that is visible — of living in what Max Weber, a 19th-century German philosopher, called ""living in an enchanted world that has a magic behind it."" There are forces beyond that we can see. When we live in this way as Christians — not near [possibly: mere] magic, but the love of God pouring out from that chair there, from that watch, from those blinds, from everything — you can see God's love pouring out. This transforms how we view the world. It reminds us — everything reminds us — of the excess of God's love, of the abundance of God's love. So now when we look up at the night sky, we don't just see stars that get studied under the science of astronomy. Now we can see God's love for us and the generosity of his creation. And it's not wrong to think that the stars care about us in some way. It's not wrong to think that the moon actually follows us, because it does. And a grander way of going about it, God's creation is for us. It is his gift to us. It is an egon [possibly: icon] yet to be transformed. For Christ came to draw all things to himself, to recapitulate all things in Christ, and to offer himself to God the Father.",quote,
E01_engineering_mystery,00:37:49,"[00:37:49] Fr. Peter: We can get caught up in the mystery of God's love again and again and completely offer ourselves in our totality, in our capacity to give of ourselves — not in mere contracts and little bits of ourselves, siphoning off just the smallest amounts in order to be safe — when we give our whole selves in our poverty. It's like the woman who was the widow who gave only two small coins in the treasury. And our Lord, on the eve of his passion, said, that woman has given more than everyone else. Everyone else gave of their excess. She gave from her poverty, her whole livelihood. And we give, we give poorly. One more thing that challenges the engineering worldview — you've heard the expression, ""whatever is worth doing is worth doing well."" But some of you here are familiar with G.K. Chesterton, right? And he says, no, that's not true. Whatever is worth doing is worth doing poorly. Because if it's worth doing, it's worth doing. It doesn't matter how you do it. We end up getting ourselves caught up in that aphorism of ""whatever is worth doing is worth doing well."" We don't even do it.",quote,
E01_engineering_mystery,00:39:01,"[00:39:01] Fr. Peter: I go back to myself when I was a senior in high school, and I wanted to pray. I had opportunities to pray so much, but instead I listened to music. Instead I would just sit on a couch. Instead I would just fill up my time with whatever I could, in order to not have to face myself. But maybe just praying poorly would have been the move to do at that time. Whatever's worth doing is worth doing poorly. And in fact, in this setting of gift and mystery, whatever is worth doing is worth doing out of your poverty. Give of yourself so totally that you become poor in the process. The lovely emphasis we have as Franciscans here on the poverty of St. Francis — Franciscan spirituality — poverty is essential to giving. You make yourself poor, and in making yourself poor, you gain everything.",named_source,
E01_engineering_mystery,00:41:18,"[00:41:18] Fr. Peter: It's safe, though. It has its own sort of negative feedback, because I could do that until I'm tired enough to fall asleep. I do that until I could just get through these next 10 minutes when I have nothing else to do. I will scroll in its nice negative feedback loop. You're not called to that mediocrity. You're not called to be comfortable. As Pope Benedict says, you are not made for comfort. You are made for greatness. This challenges us as engineering students. This challenges us as any kind of students or any kind of person living in this age. Dissipation is the enemy of recollection. Dissipation prevents us from experiencing reality as mystery. It gives us a false, counterfeit sense of control. And yet it controls us. We are enslaved. We are reduced. We have screens. Screens block out the mystery. The abstract veils — they clothe mystery; they accentuate the details of it; they show what's behind the veil. We do not look at the veils. We're stuck looking at screens. We are blocked. This is a great enemy of the interior life.",named_source,
E01_engineering_mystery,00:42:37,"[00:42:37] Fr. Peter: In the interior life, it begins with this knowledge that God is closer to us than we are to ourselves. That everything that is driving us to obstruct, to screen out, and to dissipate, does not need to be there, because we are already loved. God is actually our Father. He actually cares for us. He has sent Christ, His Son, so that all of us can be sons and daughters in Christ the Son, so we can be joined with Him in His offering of Himself to God the Father, so we can be ourselves teeming with life eternal even here and now. This interior life happens in our interiority, in the recognition that God is already within us. One of the attitudes we have to have as Christians always — it comes up every year in Advent — is an attitude of watching, or waiting for the coming of Christ. So we watch for him. And St. John Henry Newman — himself was an Oratorian priest like myself — he said that watching is that feeling you have when you're expecting a friend to come to your house, and for some reason he's delayed, but all of your thoughts are fixed on him, and you're just waiting for him to be there, and you're desiring him to come. That is this attitude of watching.",named_source,
E01_engineering_mystery,00:45:34,"[00:45:34] Fr. Peter: ""Come to me, all you who labor and are heavily burdened, and I will give you rest."" In the name of the Father, and of the Son, and of the Holy Spirit. Amen. Glory be to the Father, and to the Son, and to the Holy Spirit. As it was in the beginning, is now, and ever shall be, world without end. Amen. In the name of the Father, and of the Son, and of the Holy Spirit. Amen. Thank you, everyone.",quote,
